injector_code,addidional_serial_number,AH,RLS,AHE,DNH,UEH,image
0445110002,-,0.05 ± 0.003,0.07 ± 0.0135,0.0515 ± 0.0075,0.2 ± 0.0135,-,CRI10
0445110008,0 445 110 044,0.05 ± 0.003,0.065 ± 0.0135,0.0515 ± 0.0075,0.215 ± 0.0135,-,CRI10
0445110009,0 445 110 011,0.05 ± 0.003,0.065 ± 0.0135,0.0515 ± 0.0075,0.2 ± 0.0135,-,CRI10
0445110010,0 445 110 011,0.05 ± 0.003,0.065 ± 0.0135,0.0515 ± 0.0075,0.2 ± 0.0135,-,CRI10
0445110011,-,0.05 ± 0.003,0.065 ± 0.0135,0.0515 ± 0.0075,0.2 ± 0.0135,-,CRI10
0445110012,0 445 110 011,0.05 ± 0.003,0.065 ± 0.0135,0.0515 ± 0.0075,0.2 ± 0.0135,-,CRI10
0445110014,-,0.05 ± 0.003,0.065 ± 0.0135,0.0515 ± 0.0075,0.2 ± 0.0135,-,CRI10
0445110015,0 445 110 014,0.05 ± 0.003,0.065 ± 0.0135,0.0515 ± 0.0075,0.2 ± 0.0135,-,CRI10
0445110019,-,0.05 ± 0.003,0.07 ± 0.0135,0.0515 ± 0.0075,0.19 ± 0.0135,-,CRI10
0445110020,-,0.05 ± 0.003,0.065 ± 0.0135,0.0515 ± 0.0075,0.215 ± 0.0135,-,CRI10
0445110021,0 445 110 146,0.052 ± 0.003,0.065 ± 0.0135,0.0535 ± 0.0075,0.2 ± 0.0135,-,CRI10
0445110022,-,0.039 ± 0.0055,0.07 ± 0.0135,0.0414 ± 0.0075,0.18 ± 0.0135,-,CRI10
0445110023,0 445 110 022,0.039 ± 0.0055,0.07 ± 0.0135,0.0414 ± 0.0075,0.18 ± 0.0135,-,CRI10
0445110024,-,0.05 ± 0.003,0.065 ± 0.0135,0.0515 ± 0.0075,0.2 ± 0.0135,-,CRI10
0445110025,0 445 110 024,0.05 ± 0.003,0.065 ± 0.0135,0.0515 ± 0.0075,0.2 ± 0.0135,-,CRI10
0445110028,-,0.049 ± 0.003,0.07 ± 0.0135,0.0505 ± 0.0075,0.205 ± 0.0135,-,CRI10
0445110029,-,0.049 ± 0.003,0.07 ± 0.0135,0.0505 ± 0.0075,0.205 ± 0.0135,-,CRI10
0445110030,-,0.049 ± 0.003,0.07 ± 0.0135,0.0505 ± 0.0075,0.205 ± 0.0135,-,CRI10
0445110031,-,0.051 ± 0.003,0.055 ± 0.0135,0.0525 ± 0.0045,0.2 ± 0.0135,-,CRI10
0445110034,-,0.05 ± 0.003,0.07 ± 0.0135,0.0515 ± 0.0075,0.25 ± 0.0135,-,CRI10
0445110035,0 445 110 034,0.05 ± 0.003,0.07 ± 0.0135,0.0515 ± 0.0075,0.25 ± 0.0135,-,CRI10
0445110036,-,0.054 ± 0.003,0.07 ± 0.0135,0.0555 ± 0.0075,0.185 ± 0.0135,-,CRI10
0445110038,-,0.05 ± 0.003,0.065 ± 0.0135,0.0515 ± 0.0075,0.21 ± 0.0135,-,CRI10
0445110044,-,0.05 ± 0.003,0.065 ± 0.0135,0.0515 ± 0.0075,0.215 ± 0.0135,-,CRI10
0445110045,0 445 110 073,0.052 ± 0.003,0.065 ± 0.0135,0.0535 ± 0.0075,0.25 ± 0.0135,-,CRI10
0445110046,0 445 110 073,0.052 ± 0.003,0.065 ± 0.0135,0.0535 ± 0.0075,0.25 ± 0.0135,-,CRI10
0445110047,0 445 110 266,0.054 ± 0.003,0.065 ± 0.0135,0.0555 ± 0.0075,0.235 ± 0.0135,-,CRI10
0445110048,-,0.054 ± 0.003,0.07 ± 0.0135,0.0555 ± 0.0075,0.235 ± 0.0135,-,CRI10
0445110049,-,0.054 ± 0.003,0.065 ± 0.0135,0.054 ± 0.0075,0.235 ± 0.0135,-,CRI10
0445110054,-,0.045 ± 0.0035,0.053 ± 0.012,0.0434 ± 0.0045,0.2 ± 0.0105,-,CRI21
0445110055,0 445 110 054,0.045 ± 0.0035,0.053 ± 0.012,0.0434 ± 0.0045,0.2 ± 0.0105,-,CRI21
0445110057,-,0.052 ± 0.003,0.065 ± 0.0135,0.0535 ± 0.0075,0.19 ± 0.0135,-,CRI10
0445110059,-,0.054 ± 0.003,0.065 ± 0.0135,0.0555 ± 0.0075,0.245 ± 0.0135,-,CRI10
0445110062,0 445 110 076,0.052 ± 0.003,0.065 ± 0.0135,0.0535 ± 0.0075,0.2 ± 0.0135,-,CRI10
0445110063,-,0.05 ± 0.003,0.065 ± 0.0135,0.0515 ± 0.0075,0.2 ± 0.0135,-,CRI10
0445110064,-,0.054 ± 0.003,0.065 ± 0.0135,0.0555 ± 0.0075,0.2 ± 0.0135,-,CRI10
0445110065,0 445 110 113,0.05 ± 0.003,0.065 ± 0.0135,0.0515 ± 0.0075,0.2 ± 0.0135,-,CRI10
0445110066,0 445 110 113,0.05 ± 0.003,0.065 ± 0.0135,0.0515 ± 0.0075,0.2 ± 0.0135,-,CRI10
0445110068,0 445 110 119,0.049 ± 0.003,0.07 ± 0.0135,0.049 ± 0.0075,0.4 ± 0.0135,-,CRI10
0445110069,-,0.051 ± 0.003,0.065 ± 0.0135,0.0525 ± 0.0075,0.2 ± 0.0135,-,CRI10
0445110070,0 445 110 069,0.051 ± 0.003,0.065 ± 0.0135,0.0525 ± 0.0075,0.2 ± 0.0135,-,CRI10
0445110071,-,0.05 ± 0.003,0.065 ± 0.0135,0.0515 ± 0.0075,0.2 ± 0.0135,-,CRI10
0445110072,0 445 110 071,0.05 ± 0.003,0.065 ± 0.0135,0.0515 ± 0.0075,0.2 ± 0.0135,-,CRI10
0445110073,-,0.052 ± 0.003,0.065 ± 0.0135,0.0535 ± 0.0075,0.25 ± 0.0135,-,CRI10
0445110074,0 445 110 073,0.052 ± 0.003,0.065 ± 0.0135,0.0535 ± 0.0075,0.25 ± 0.0135,-,CRI10
0445110075,-,0.043 ± 0.0035,0.055 ± 0.0105,0.0454 ± 0.0045,0.18 ± 0.0105,-,CRI21
0445110076,-,0.052 ± 0.003,0.065 ± 0.0135,0.0535 ± 0.0075,0.2 ± 0.0135,-,CRI10
0445110077,0 445 110 078,0.045 ± 0.0035,0.055 ± 0.0105,0.0474 ± 0.0045,0.2 ± 0.0105,-,CRI21
0445110078,-,0.045 ± 0.0035,0.055 ± 0.0105,0.0474 ± 0.0045,0.2 ± 0.0105,-,CRI21
0445110080,0 445 110 131,0.044 ± 0.0035,0.055 ± 0.011,0.0464 ± 0.0045,0.25 ± 0.0105,-,CRI21
0445110081,-,0.055 ± 0.003,0.065 ± 0.0135,0.0565 ± 0.0075,0.268 ± 0.0135,-,CRI10
0445110082,-,0.042 ± 0.0035,0.045 ± 0.0105,0.0444 ± 0.0045,0.2 ± 0.0105,-,CRI21
0445110083,-,0.04 ± 0.0045,0.0725 ± 0.011,0.0396 ± 0.0055,0.425 ± 0.0255,0.02 ± 0.0105,CRI20
0445110084,-,0.052 ± 0.003,0.065 ± 0.0135,0.0535 ± 0.0075,0.245 ± 0.0135,-,CRI10
0445110085,-,0.04 ± 0.0035,0.055 ± 0.0105,0.0403 ± 0.0045,0.2 ± 0.0105,-,CRI21
0445110087,-,0.05 ± 0.003,0.065 ± 0.0135,0.0515 ± 0.0075,0.195 ± 0.0135,-,CRI10
0445110089,-,0.05 ± 0.0055,0.07 ± 0.0135,0.0515 ± 0.0085,0.2 ± 0.0135,-,CRI10
0445110090,0 445 110 089,0.05 ± 0.0055,0.07 ± 0.0135,0.0515 ± 0.0085,0.2 ± 0.0135,-,CRI10
0445110091,0 445 110 279,0.05 ± 0.003,0.065 ± 0.0135,0.0515 ± 0.0075,0.25 ± 0.0135,-,CRI10
0445110092,-,0.05 ± 0.003,0.065 ± 0.0135,0.0515 ± 0.0075,0.25 ± 0.0135,-,CRI10
0445110093,-,0.052 ± 0.003,0.065 ± 0.0135,0.0535 ± 0.0075,0.25 ± 0.0135,-,CRI10
0445110094,0 445 110 093,0.052 ± 0.003,0.065 ± 0.0135,0.0535 ± 0.0075,0.25 ± 0.0135,-,CRI10
0445110095,-,0.052 ± 0.003,0.073 ± 0.0135,0.0535 ± 0.0075,0.25 ± 0.0135,-,CRI10
0445110096,0 445 110 095,0.052 ± 0.003,0.073 ± 0.0135,0.0535 ± 0.0075,0.25 ± 0.0135,-,CRI10
0445110097,-,0.0525 ± 0.0055,0.07 ± 0.0135,0.054 ± 0.0085,0.25 ± 0.0135,-,CRI10
0445110098,0 445 110 097,0.0525 ± 0.0055,0.07 ± 0.0135,0.054 ± 0.0085,0.25 ± 0.0135,-,CRI10
0445110099,-,0.051 ± 0.003,0.065 ± 0.0135,0.0525 ± 0.0075,0.2 ± 0.0135,-,CRI10
0445110100,-,0.051 ± 0.003,0.065 ± 0.0135,0.0525 ± 0.0075,0.2 ± 0.0135,-,CRI10
0445110101,-,0.054 ± 0.003,0.065 ± 0.0135,0.0555 ± 0.0075,0.2 ± 0.0135,-,CRI10
0445110102,-,0.05 ± 0.003,0.065 ± 0.0135,0.0515 ± 0.0075,0.2 ± 0.0135,-,CRI10
0445110103,-,0.0525 ± 0.0055,0.07 ± 0.0135,0.054 ± 0.0085,0.25 ± 0.0135,-,CRI10
0445110104,0 445 110 103,0.0525 ± 0.0055,0.07 ± 0.0135,0.054 ± 0.0085,0.25 ± 0.0135,-,CRI10
0445110105,-,0.051 ± 0.003,0.065 ± 0.0135,0.0525 ± 0.0075,0.2 ± 0.0135,-,CRI10
0445110106,0 445 110 105,0.051 ± 0.003,0.065 ± 0.0135,0.0525 ± 0.0075,0.2 ± 0.0135,-,CRI10
0445110107,-,0.051 ± 0.003,0.065 ± 0.0135,0.0525 ± 0.0075,0.2 ± 0.0135,-,CRI10
0445110108,0 445 110 107,0.051 ± 0.003,0.065 ± 0.0135,0.0525 ± 0.0075,0.2 ± 0.0135,-,CRI10
0445110109,-,0.053 ± 0.003,0.065 ± 0.0135,0.0545 ± 0.0075,0.2 ± 0.0135,-,CRI10
0445110110,-,0.053 ± 0.003,0.065 ± 0.0135,0.0545 ± 0.0075,0.2 ± 0.0135,-,CRI10
0445110111,-,0.04 ± 0.0045,0.0725 ± 0.011,0.0396 ± 0.0055,0.425 ± 0.0255,0.02 ± 0.0105,CRI20
0445110112,-,0.04 ± 0.0045,0.0725 ± 0.011,0.0396 ± 0.0055,0.425 ± 0.0255,0.02 ± 0.0105,CRI20
0445110113,-,0.05 ± 0.003,0.065 ± 0.0135,0.0515 ± 0.0075,0.2 ± 0.0135,-,CRI10
0445110114,-,0.05 ± 0.003,0.065 ± 0.0135,0.0515 ± 0.0075,0.2 ± 0.0135,-,CRI10
0445110115,-,0.05 ± 0.003,0.065 ± 0.0135,0.0515 ± 0.0075,0.2 ± 0.0135,-,CRI10
0445110116,-,0.05 ± 0.003,0.065 ± 0.0135,0.0515 ± 0.0075,0.2 ± 0.0135,-,CRI10
0445110118,-,0.042 ± 0.0045,0.045 ± 0.0105,0.0444 ± 0.0055,0.2 ± 0.0105,-,CRI21
0445110119,-,0.052 ± 0.003,0.06 ± 0.0135,0.0535 ± 0.0075,0.4 ± 0.0135,-,CRI10
0445110120,-,0.052 ± 0.003,0.073 ± 0.0135,0.052 ± 0.0075,0.25 ± 0.0135,-,CRI10
0445110121,-,0.052 ± 0.003,0.073 ± 0.0135,0.052 ± 0.0075,0.25 ± 0.0135,-,CRI10
0445110122,-,0.043 ± 0.0035,0.055 ± 0.0115,0.0454 ± 0.0045,0.25 ± 0.0105,-,CRI21
0445110125,-,0.055 ± 0.003,0.065 ± 0.0135,0.0565 ± 0.0075,0.25 ± 0.0135,-,CRI10
0445110126,0 445 110 290,0.052 ± 0.003,0.075 ± 0.0135,0.0535 ± 0.0075,0.26 ± 0.0135,-,CRI10
0445110127,0 445 110 178,0.054 ± 0.003,0.065 ± 0.0135,0.0555 ± 0.0075,0.18 ± 0.0135,-,CRI10
0445110128,-,0.044 ± 0.0035,0.053 ± 0.012,0.0443 ± 0.0045,0.2 ± 0.0105,-,CRI21
0445110129,-,0.044 ± 0.0035,0.053 ± 0.012,0.0443 ± 0.0045,0.2 ± 0.0105,-,CRI21
0445110130,-,0.054 ± 0.003,0.065 ± 0.0135,0.0555 ± 0.0075,0.25 ± 0.0135,-,CRI10
0445110131,-,0.043 ± 0.0035,0.055 ± 0.0115,0.0454 ± 0.0045,0.25 ± 0.0105,-,CRI21
0445110134,-,0.045 ± 0.0035,0.05 ± 0.0105,0.0453 ± 0.0045,0.2 ± 0.0105,-,CRI21
0445110135,-,0.043 ± 0.0035,0.055 ± 0.0105,0.0454 ± 0.0045,0.18 ± 0.0105,-,CRI21
0445110136,0 445 110 188,0.043 ± 0.0035,0.05 ± 0.0105,0.0433 ± 0.0045,0.23 ± 0.0105,-,CRI21
0445110137,-,0.0395 ± 0.0035,0.053 ± 0.012,0.0398 ± 0.0045,0.2 ± 0.0105,-,CRI21
0445110138,-,0.0395 ± 0.0035,0.053 ± 0.012,0.0398 ± 0.0045,0.2 ± 0.0105,-,CRI21
0445110139,-,0.0405 ± 0.0035,0.053 ± 0.012,0.0408 ± 0.0045,0.2 ± 0.0105,-,CRI21
0445110140,-,0.0405 ± 0.0035,0.053 ± 0.012,0.0408 ± 0.0045,0.2 ± 0.0105,-,CRI21
0445110141,-,0.054 ± 0.003,0.065 ± 0.0135,0.0555 ± 0.0075,0.255 ± 0.0135,-,CRI10
0445110142,-,0.04 ± 0.0035,0.05 ± 0.0105,0.0403 ± 0.0045,0.2 ± 0.0105,-,CRI21
0445110143,-,0.04 ± 0.0035,0.05 ± 0.0105,0.0403 ± 0.0045,0.2 ± 0.0105,-,CRI21
0445110144,-,0.053 ± 0.003,0.065 ± 0.0135,0.0545 ± 0.0075,0.2 ± 0.0135,-,CRI10
0445110145,-,0.053 ± 0.003,0.065 ± 0.0135,0.0545 ± 0.0075,0.2 ± 0.0135,-,CRI10
0445110146,-,0.052 ± 0.003,0.065 ± 0.0135,0.0535 ± 0.0075,0.2 ± 0.0135,-,CRI10
0445110149,-,0.042 ± 0.0035,0.05 ± 0.011,0.0423 ± 0.0045,0.2 ± 0.0105,-,CRI21
0445110151,-,0.051 ± 0.003,0.065 ± 0.0135,0.0525 ± 0.0075,0.25 ± 0.0135,-,CRI10
0445110152,-,0.051 ± 0.003,0.065 ± 0.0135,0.0525 ± 0.0075,0.25 ± 0.0135,-,CRI10
0445110153,0 445 110 154,0.04 ± 0.0035,0.055 ± 0.0105,0.0403 ± 0.0045,0.2 ± 0.0105,-,CRI21
0445110154,-,0.04 ± 0.0035,0.055 ± 0.0105,0.0403 ± 0.0045,0.2 ± 0.0105,-,CRI21
0445110155,-,0.0395 ± 0.0035,0.053 ± 0.012,0.0398 ± 0.0045,0.2 ± 0.0105,-,CRI21
0445110156,-,0.0395 ± 0.0035,0.053 ± 0.012,0.0398 ± 0.0045,0.2 ± 0.0105,-,CRI21
0445110157,-,0.042 ± 0.0035,0.05 ± 0.0105,0.0423 ± 0.0045,0.2 ± 0.0105,-,CRI21
0445110158,-,0.042 ± 0.0035,0.05 ± 0.0105,0.0423 ± 0.0045,0.2 ± 0.0105,-,CRI21
0445110159,-,0.04 ± 0.0045,0.0725 ± 0.011,0.0404 ± 0.0055,0.425 ± 0.0255,0.02 ± 0.0105,CRI22
0445110160,-,0.053 ± 0.003,0.065 ± 0.0135,0.0545 ± 0.0075,0.2 ± 0.0135,-,CRI10
0445110161,-,-,-,-,-,-,
0445110162,-,0.0405 ± 0.0035,0.053 ± 0.012,0.0408 ± 0.0045,0.2 ± 0.0105,-,CRI21
0445110163,-,0.0405 ± 0.0035,0.053 ± 0.012,0.0408 ± 0.0045,0.2 ± 0.0105,-,CRI21
0445110165,-,0.04 ± 0.0045,0.0725 ± 0.011,0.0404 ± 0.0055,0.425 ± 0.0255,0.02 ± 0.0105,CRI22
0445110166,-,0.038 ± 0.0035,0.053 ± 0.0125,0.0385 ± 0.0045,0.2 ± 0.0105,-,CRI21
0445110167,-,0.038 ± 0.0035,0.053 ± 0.0125,0.0385 ± 0.0045,0.2 ± 0.0105,-,CRI21
0445110168,-,0.043 ± 0.0035,0.05 ± 0.0105,0.0433 ± 0.0045,0.3 ± 0.0105,-,CRI21
0445110169,-,0.043 ± 0.0035,0.05 ± 0.0105,0.0433 ± 0.0045,0.3 ± 0.0105,-,CRI21
0445110170,-,0.051 ± 0.003,0.065 ± 0.0135,0.0525 ± 0.0075,0.2 ± 0.0135,-,CRI10
0445110171,-,0.051 ± 0.003,0.065 ± 0.0135,0.0525 ± 0.0075,0.2 ± 0.0135,-,CRI10
0445110172,0 445 110 236,0.042 ± 0.0035,0.05 ± 0.0105,0.0423 ± 0.0045,0.2 ± 0.0105,-,CRI21
0445110174,-,0.0405 ± 0.004,0.045 ± 0.0105,0.0465 ± 0.005,0.2 ± 0.0105,-,CRI21
0445110175,-,0.0405 ± 0.004,0.045 ± 0.0105,0.0465 ± 0.005,0.2 ± 0.0105,-,CRI21
0445110176,-,0.0395 ± 0.0035,0.053 ± 0.012,0.0398 ± 0.0045,0.2 ± 0.0105,-,CRI21
0445110177,-,0.0395 ± 0.0035,0.053 ± 0.012,0.0398 ± 0.0045,0.2 ± 0.0105,-,CRI21
0445110178,-,0.054 ± 0.003,0.065 ± 0.0135,0.0555 ± 0.0075,0.18 ± 0.0135,-,CRI10
0445110181,-,0.051 ± 0.003,0.065 ± 0.0135,0.0525 ± 0.0075,0.2 ± 0.0135,-,CRI10
0445110182,-,0.051 ± 0.003,0.065 ± 0.0135,0.0525 ± 0.0075,0.2 ± 0.0135,-,CRI10
0445110183,-,0.038 ± 0.0045,0.0525 ± 0.011,0.0386 ± 0.0055,0.425 ± 0.0255,0.02 ± 0.0105,CRI22
0445110185,0 445 110 283,0.054 ± 0.003,0.065 ± 0.0135,0.0555 ± 0.0075,0.25 ± 0.0135,-,CRI10
0445110186,0 445 110 279,0.054 ± 0.003,0.065 ± 0.0135,0.0555 ± 0.0075,0.25 ± 0.0135,-,CRI10
0445110187,-,0.04 ± 0.0045,0.0725 ± 0.011,0.0396 ± 0.0055,0.425 ± 0.0255,0.02 ± 0.0105,CRI20
0445110188,-,0.04 ± 0.0035,0.053 ± 0.012,0.0403 ± 0.0045,0.23 ± 0.0105,-,CRI21
0445110189,-,0.051 ± 0.003,0.065 ± 0.0135,0.0525 ± 0.0075,0.2 ± 0.0135,-,CRI10
0445110190,-,0.051 ± 0.003,0.065 ± 0.0135,0.0525 ± 0.0075,0.2 ± 0.0135,-,CRI10
0445110191,-,0.0395 ± 0.0035,0.053 ± 0.012,0.0398 ± 0.0045,0.2 ± 0.0105,-,CRI21
0445110192,-,0.0395 ± 0.0035,0.053 ± 0.012,0.0398 ± 0.0045,0.2 ± 0.0105,-,CRI21
0445110193,-,0.0395 ± 0.0035,0.053 ± 0.012,0.0398 ± 0.0045,0.2 ± 0.0105,-,CRI21
0445110194,-,0.0395 ± 0.0035,0.053 ± 0.012,0.0398 ± 0.0045,0.2 ± 0.0105,-,CRI21
0445110195,-,0.0515 ± 0.003,0.062 ± 0.0135,0.053 ± 0.0075,0.195 ± 0.0135,-,CRI10
0445110196,-,0.0515 ± 0.003,0.062 ± 0.0135,0.053 ± 0.0075,0.195 ± 0.0135,-,CRI10
0445110197,-,0.0525 ± 0.0055,0.072 ± 0.0135,0.054 ± 0.008,0.195 ± 0.0135,-,CRI10
0445110198,-,0.0525 ± 0.0055,0.072 ± 0.0135,0.054 ± 0.008,0.195 ± 0.0135,-,CRI10
0445110199,-,0.0525 ± 0.003,0.065 ± 0.0135,0.054 ± 0.0075,0.185 ± 0.0135,-,CRI10
0445110200,-,0.0525 ± 0.003,0.065 ± 0.0135,0.054 ± 0.0075,0.185 ± 0.0135,-,CRI10
0445110201,-,0.054 ± 0.0055,0.075 ± 0.0135,0.054 ± 0.008,0.25 ± 0.0135,-,CRI10
0445110202,-,0.054 ± 0.0055,0.075 ± 0.0135,0.054 ± 0.008,0.25 ± 0.0135,-,CRI10
0445110203,-,0.054 ± 0.0055,0.065 ± 0.0135,0.0555 ± 0.008,0.243 ± 0.0135,-,CRI10
0445110204,-,0.054 ± 0.0055,0.065 ± 0.0135,0.0555 ± 0.008,0.243 ± 0.0135,-,CRI10
0445110205,-,0.054 ± 0.003,0.07 ± 0.0135,0.0555 ± 0.0075,0.247 ± 0.0135,-,CRI10
0445110206,-,0.054 ± 0.003,0.07 ± 0.0135,0.0555 ± 0.0075,0.247 ± 0.0135,-,CRI10
0445110207,-,0.054 ± 0.0055,0.07 ± 0.0135,0.0555 ± 0.008,0.245 ± 0.0135,-,CRI10
0445110208,-,0.054 ± 0.0055,0.07 ± 0.0135,0.0555 ± 0.008,0.245 ± 0.0135,-,CRI10
0445110209,-,0.04 ± 0.0045,0.0525 ± 0.011,0.0406 ± 0.0055,0.425 ± 0.0255,0.02 ± 0.0105,CRI22
0445110212,-,0.04 ± 0.0045,0.0525 ± 0.011,0.0406 ± 0.0055,0.425 ± 0.0255,0.02 ± 0.0105,CRI22
0445110213,-,0.038 ± 0.0045,0.0525 ± 0.011,0.0386 ± 0.0055,0.425 ± 0.0255,0.02 ± 0.0105,CRI22
0445110214,-,0.04 ± 0.0035,0.05 ± 0.0105,0.0403 ± 0.0045,0.2 ± 0.0105,-,CRI21
0445110215,-,0.04 ± 0.0035,0.05 ± 0.0105,0.0403 ± 0.0045,0.2 ± 0.0105,-,CRI21
0445110216,-,0.04 ± 0.0045,0.0525 ± 0.011,0.0406 ± 0.0055,0.425 ± 0.0255,0.02 ± 0.0105,CRI22
0445110217,-,0.041 ± 0.0035,0.05 ± 0.0105,0.0413 ± 0.0045,0.25 ± 0.0105,-,CRI21
0445110218,-,0.041 ± 0.0035,0.05 ± 0.0105,0.0413 ± 0.0045,0.25 ± 0.0105,-,CRI21
0445110219,-,0.04 ± 0.0045,0.0525 ± 0.011,0.0406 ± 0.0055,0.425 ± 0.0255,0.02 ± 0.0105,CRI22
0445110221,-,0.055 ± 0.003,0.065 ± 0.0135,0.0565 ± 0.0075,0.245 ± 0.0135,-,CRI10
0445110222,-,0.053 ± 0.003,0.075 ± 0.0135,0.0545 ± 0.0075,0.2 ± 0.0135,-,CRI10
0445110223,-,0.053 ± 0.003,0.075 ± 0.0135,0.0545 ± 0.0075,0.2 ± 0.0135,-,CRI10
0445110224,-,0.051 ± 0.003,0.065 ± 0.0135,0.0525 ± 0.0075,0.25 ± 0.0135,-,CRI10
0445110225,-,0.051 ± 0.003,0.065 ± 0.0135,0.0525 ± 0.0075,0.25 ± 0.0135,-,CRI10
0445110227,-,0.04 ± 0.0035,0.05 ± 0.0105,0.0403 ± 0.0045,0.2 ± 0.0105,-,CRI21
0445110229,-,0.043 ± 0.0035,0.05 ± 0.0105,0.0433 ± 0.0045,0.2 ± 0.0105,-,CRI21
0445110230,-,0.043 ± 0.0035,0.05 ± 0.0105,0.0433 ± 0.0045,0.2 ± 0.0105,-,CRI21
0445110231,-,0.055 ± 0.003,0.065 ± 0.0135,0.0565 ± 0.0075,0.278 ± 0.0135,-,CRI10
0445110232,-,0.0435 ± 0.0035,0.05 ± 0.0105,0.0438 ± 0.0045,0.25 ± 0.0105,-,CRI21
0445110233,-,0.0435 ± 0.0035,0.05 ± 0.0105,0.0438 ± 0.0045,0.25 ± 0.0105,-,CRI21
0445110236,-,0.042 ± 0.0035,0.05 ± 0.0105,0.0423 ± 0.0045,0.2 ± 0.0105,-,CRI21
0445110237,-,0.04 ± 0.0045,0.0525 ± 0.011,0.0406 ± 0.0055,0.425 ± 0.0255,0.02 ± 0.0105,CRI22
0445110238,-,0.04 ± 0.0045,0.0525 ± 0.011,0.0406 ± 0.0055,0.425 ± 0.0255,0.02 ± 0.0105,CRI22
0445110239,-,0.04 ± 0.0035,0.053 ± 0.012,0.0403 ± 0.0045,0.23 ± 0.0105,-,CRI21
0445110243,-,0.038 ± 0.0045,0.0525 ± 0.011,0.0386 ± 0.0055,0.425 ± 0.0255,0.02 ± 0.0105,CRI22
0445110244,-,0.038 ± 0.0045,0.0525 ± 0.011,0.0386 ± 0.0055,0.425 ± 0.0255,0.02 ± 0.0105,CRI22
0445110247,0 445 110 248,0.04 ± 0.0045,0.0525 ± 0.011,0.0406 ± 0.0055,0.425 ± 0.0255,0.02 ± 0.0105,CRI22
0445110248,-,0.04 ± 0.0045,0.0525 ± 0.011,0.0406 ± 0.0055,0.425 ± 0.0255,0.02 ± 0.0105,CRI22
0445110249,-,0.04 ± 0.0035,0.05 ± 0.0105,0.0403 ± 0.0045,0.25 ± 0.0105,-,CRI21
0445110250,-,0.04 ± 0.0035,0.05 ± 0.0105,0.0403 ± 0.0045,0.25 ± 0.0105,-,CRI21
0445110251,-,0.041 ± 0.0035,0.05 ± 0.0105,0.0413 ± 0.0045,0.25 ± 0.0105,-,CRI21
0445110252,-,0.04 ± 0.0045,0.0525 ± 0.011,0.0406 ± 0.0055,0.85 ± 0.0255,0.02 ± 0.0105,CRI20
0445110253,-,0.04 ± 0.0045,0.0525 ± 0.011,0.0406 ± 0.0055,0.425 ± 0.0255,0.02 ± 0.0105,CRI22
0445110254,-,0.04 ± 0.0045,0.0525 ± 0.011,0.0406 ± 0.0055,0.425 ± 0.0255,0.02 ± 0.0105,CRI22
0445110255,-,0.04 ± 0.0045,0.0525 ± 0.011,0.0406 ± 0.0055,0.425 ± 0.0255,0.02 ± 0.0105,CRI22
0445110256,-,0.04 ± 0.0045,0.0525 ± 0.011,0.0406 ± 0.0055,0.425 ± 0.0255,0.02 ± 0.0105,CRI22
0445110257,-,0.04 ± 0.0045,0.0525 ± 0.011,0.0406 ± 0.0055,0.425 ± 0.0255,0.02 ± 0.0105,CRI22
0445110258,-,0.04 ± 0.0045,0.0525 ± 0.011,0.0406 ± 0.0055,0.425 ± 0.0255,0.02 ± 0.0105,CRI22
0445110259,-,0.04 ± 0.0035,0.053 ± 0.012,0.0403 ± 0.0045,0.23 ± 0.0105,-,CRI21
0445110260,-,0.04 ± 0.0045,0.0525 ± 0.011,0.0406 ± 0.0055,0.2 ± 0.0105,0.02 ± 0.0105,CRI20
0445110261,-,0.04 ± 0.0045,0.0525 ± 0.011,0.0406 ± 0.0055,0.85 ± 0.0255,0.02 ± 0.0105,CRI22
0445110262,-,0.04 ± 0.0035,0.05 ± 0.0105,0.0403 ± 0.0045,0.2 ± 0.0105,-,CRI21
0445110263,-,0.0405 ± 0.0035,0.053 ± 0.012,0.0408 ± 0.0045,0.2 ± 0.0105,-,CRI21
0445110264,-,0.0405 ± 0.0035,0.053 ± 0.012,0.0408 ± 0.0045,0.2 ± 0.0105,-,CRI21
0445110265,-,0.04 ± 0.0045,0.0525 ± 0.011,0.0406 ± 0.0055,0.425 ± 0.0255,0.02 ± 0.0105,CRI22
0445110266,-,0.054 ± 0.003,0.065 ± 0.0135,0.0555 ± 0.0075,0.235 ± 0.0135,-,CRI10
0445110269,-,0.04 ± 0.0045,0.0525 ± 0.011,0.0406 ± 0.0055,0.425 ± 0.0255,0.02 ± 0.0105,CRI22
0445110270,-,0.04 ± 0.0045,0.0525 ± 0.011,0.0406 ± 0.0055,0.425 ± 0.0255,0.02 ± 0.0105,CRI22
0445110273,-,0.04 ± 0.0045,0.0525 ± 0.011,0.0406 ± 0.0055,0.425 ± 0.0255,0.02 ± 0.0105,CRI22
0445110274,-,0.04 ± 0.0045,0.0525 ± 0.011,0.0406 ± 0.0055,0.425 ± 0.0255,0.02 ± 0.0105,CRI22
0445110275,-,0.04 ± 0.0045,0.0525 ± 0.011,0.0406 ± 0.0055,0.425 ± 0.0255,0.02 ± 0.0105,CRI22
0445110276,-,0.038 ± 0.0045,0.0525 ± 0.011,0.0386 ± 0.0055,0.425 ± 0.0255,0.02 ± 0.0105,CRI22
0445110277,-,0.04 ± 0.0045,0.0525 ± 0.011,0.0406 ± 0.0055,0.425 ± 0.0255,0.02 ± 0.0105,CRI22
0445110278,-,0.04 ± 0.0045,0.0525 ± 0.011,0.0406 ± 0.0055,0.425 ± 0.0255,0.02 ± 0.0105,CRI22
0445110279,-,0.054 ± 0.003,0.065 ± 0.0135,0.0555 ± 0.0075,0.25 ± 0.0135,-,CRI10
0445110280,-,0.04 ± 0.0045,0.0525 ± 0.011,0.0406 ± 0.0055,0.85 ± 0.0255,0.02 ± 0.0105,CRI22
0445110281,0 445 110 297,0.04 ± 0.0045,0.0525 ± 0.011,0.0406 ± 0.0055,0.425 ± 0.0255,0.02 ± 0.0105,CRI22
0445110283,-,0.054 ± 0.003,0.065 ± 0.0135,0.0555 ± 0.0075,0.25 ± 0.0135,-,CRI10
0445110284,-,0.043 ± 0.0035,0.05 ± 0.0105,0.0433 ± 0.0045,0.4 ± 0.0105,-,CRI21
0445110285,-,-,-,-,-,-,
0445110286,-,0.041 ± 0.0035,0.05 ± 0.0105,0.0413 ± 0.0045,0.25 ± 0.0105,-,CRI21
0445110287,-,0.04 ± 0.0045,0.0525 ± 0.011,0.0406 ± 0.0055,0.425 ± 0.0255,0.02 ± 0.0105,CRI22
0445110288,-,0.042 ± 0.0035,0.05 ± 0.0105,0.0423 ± 0.0045,0.2 ± 0.0105,-,CRI21
0445110289,-,0.04 ± 0.0045,0.0525 ± 0.011,0.0406 ± 0.0055,0.85 ± 0.0755,0.02 ± 0.0105,CRI22
0445110290,-,0.052 ± 0.003,0.075 ± 0.0135,0.0535 ± 0.0075,0.26 ± 0.0135,-,CRI10
0445110291,-,0.04 ± 0.0045,0.0525 ± 0.011,0.0406 ± 0.0055,0.85 ± 0.08,0.02 ± 0.0105,CRI20
0445110293,-,0.04 ± 0.0045,0.0525 ± 0.011,0.0406 ± 0.0055,0.85 ± 0.08,0.02 ± 0.0105,CRI20
0445110294,-,0.0405 ± 0.0035,0.053 ± 0.012,0.0408 ± 0.0045,0.2 ± 0.0105,-,CRI21
0445110295,-,0.0405 ± 0.0035,0.053 ± 0.012,0.0408 ± 0.0045,0.2 ± 0.0105,-,CRI21
0445110296,-,0.042 ± 0.0035,0.05 ± 0.0105,0.0423 ± 0.0045,0.2 ± 0.0105,-,CRI21
0445110297,-,0.04 ± 0.0045,0.0525 ± 0.011,0.0406 ± 0.0055,0.425 ± 0.0255,0.02 ± 0.0105,CRI22
0445110298,-,0.04 ± 0.0045,0.0525 ± 0.011,0.0406 ± 0.0055,0.85 ± 0.08,0.02 ± 0.0105,CRI22
0445110299,-,0.04 ± 0.0045,0.0525 ± 0.011,0.0406 ± 0.0055,0.85 ± 0.0255,0.02 ± 0.0105,CRI22
0445110300,-,0.04 ± 0.0045,0.0525 ± 0.011,0.0406 ± 0.0055,0.85 ± 0.0255,0.02 ± 0.0105,CRI22
0445110301,-,0.04 ± 0.0045,0.0525 ± 0.011,0.0406 ± 0.0055,0.425 ± 0.0255,0.02 ± 0.0105,CRI22
0445110302,-,0.04 ± 0.0045,0.0525 ± 0.011,0.0406 ± 0.0055,0.85 ± 0.0255,0.02 ± 0.0105,CRI22
0445110303,-,0.04 ± 0.0045,0.0525 ± 0.011,0.0406 ± 0.0055,0.85 ± 0.0255,0.02 ± 0.0105,CRI22
0445110304,-,-,-,-,-,-,
0445110305,-,0.04 ± 0.0045,0.0525 ± 0.011,0.0406 ± 0.0055,0.85 ± 0.0755,0.02 ± 0.0105,CRI20
0445110306,-,0.05 ± 0.003,0.065 ± 0.0135,0.0515 ± 0.0075,0.25 ± 0.0135,-,CRI10
0445110307,-,0.057 ± 0.0045,0.0725 ± 0.011,0.0579 ± 0.0055,0.2 ± 0.0135,0.02 ± 0.0105,CRI22
0445110308,-,0.04 ± 0.0045,0.0525 ± 0.011,0.0406 ± 0.0055,0.85 ± 0.0255,0.02 ± 0.0105,CRI22
0445110309,-,0.038 ± 0.0045,0.0525 ± 0.011,0.0386 ± 0.0055,0.425 ± 0.0255,0.02 ± 0.0105,CRI22
0445110310,-,-,-,-,-,-,
0445110311,-,0.04 ± 0.0045,0.0525 ± 0.011,0.0406 ± 0.0055,0.85 ± 0.0255,0.02 ± 0.0105,CRI22
0445110312,-,0.04 ± 0.0045,0.0525 ± 0.011,0.0406 ± 0.0055,0.85 ± 0.0755,0.02 ± 0.0105,CRI20
0445110313,-,0.04 ± 0.0045,0.0525 ± 0.011,0.0406 ± 0.0055,0.85 ± 0.0755,0.02 ± 0.0105,CRI20
0445110315,-,0.043 ± 0.0035,0.05 ± 0.0105,0.0433 ± 0.0045,0.3 ± 0.0105,-,CRI21
0445110316,-,0.038 ± 0.0045,0.0525 ± 0.011,0.0386 ± 0.0055,0.425 ± 0.0255,0.02 ± 0.0105,CRI22
0445110317,-,0.04 ± 0.0045,0.0525 ± 0.011,0.0406 ± 0.0055,0.85 ± 0.0755,0.02 ± 0.0105,CRI20
0445110318,-,0.04 ± 0.0045,0.0525 ± 0.011,0.0406 ± 0.0055,0.85 ± 0.0755,0.02 ± 0.0105,CRI20
0445110319,-,-,-,-,-,-,
0445110320,-,-,-,-,-,-,
0445110321,-,0.04 ± 0.0045,0.0525 ± 0.011,0.0406 ± 0.0055,0.85 ± 0.0755,0.02 ± 0.0105,CRI20
0445110322,-,0.038 ± 0.0045,0.0525 ± 0.011,0.0386 ± 0.0055,0.425 ± 0.0255,0.02 ± 0.0105,CRI22
0445110323,-,-,-,-,-,-,
0445110324,-,-,-,-,-,-,
0445110325,-,-,-,-,-,-,
0445110326,-,-,-,-,-,-,
0445110327,-,0.04 ± 0.0045,0.0525 ± 0.011,0.0406 ± 0.0055,0.85 ± 0.0255,0.02 ± 0.0105,CRI22
0445110328,-,0.04 ± 0.0045,0.0525 ± 0.011,0.0406 ± 0.0055,0.85 ± 0.0255,0.02 ± 0.0105,CRI22
0445110329,-,-,-,-,-,-,
0445110330,-,-,-,-,-,-,
0445110331,-,0.038 ± 0.0045,0.0525 ± 0.011,0.0386 ± 0.0055,0.425 ± 0.0255,0.02 ± 0.0105,CRI22
0445110332,-,-,-,-,-,-,
0445110333,-,0.04 ± 0.0045,0.0525 ± 0.011,0.0406 ± 0.0055,0.85 ± 0.0755,0.02 ± 0.0105,CRI20
0445110335,-,0.04 ± 0.0045,0.0525 ± 0.011,0.0406 ± 0.0055,0.85 ± 0.0755,0.02 ± 0.0105,CRI20
0445110336,-,0.055 ± 0.003,0.065 ± 0.0135,0.0565 ± 0.0075,0.278 ± 0.0135,-,CRI10
0445110337,-,-,-,-,-,-,
0445110338,-,0.04 ± 0.0045,0.0525 ± 0.011,0.0406 ± 0.0055,0.85 ± 0.0755,0.02 ± 0.0105,CRI22
0445110339,-,-,-,-,-,-,
0445110340,-,-,-,-,-,-,
0445110342,-,-,-,-,-,-,
0445110343,-,0.04 ± 0.0045,0.0525 ± 0.011,0.0406 ± 0.0055,0.85 ± 0.0755,0.02 ± 0.0105,CRI20
0445110344,-,-,-,-,-,-,
0445110345,-,0.04 ± 0.0045,0.0525 ± 0.011,0.0406 ± 0.0055,0.85 ± 0.0755,0.02 ± 0.0105,CRI20
0445110346,-,-,-,-,-,-,
0445110347,-,-,-,-,-,-,
0445110348,-,0.04 ± 0.0045,0.0525 ± 0.011,0.0406 ± 0.0055,0.85 ± 0.0755,0.02 ± 0.0105,CRI20
0445110351,-,-,-,-,-,-,
0445110352,-,-,-,-,-,-,
0445110353,-,-,-,-,-,-,
0445110354,-,-,-,-,-,-,
0445110355,-,0.04 ± 0.0045,0.0525 ± 0.011,0.0406 ± 0.0055,0.85 ± 0.0755,0.02 ± 0.0105,CRI20
0445110356,-,0.04 ± 0.0045,0.0525 ± 0.011,0.0406 ± 0.0055,0.85 ± 0.0255,0.02 ± 0.0105,CRI20
0445110357,-,-,-,-,-,-,
0445110361,-,-,-,-,-,-,
0445110362,-,-,-,-,-,-,
0445110363,-,-,-,-,-,-,
0445110364,-,-,-,-,-,-,
0445110365,-,-,-,-,-,-,
0445110368,-,-,-,-,-,-,
0445110369,-,-,-,-,-,-,
0445110370,-,0.04 ± 0.0045,0.0525 ± 0.011,0.0406 ± 0.0055,0.85 ± 0.0755,0.02 ± 0.0105,CRI20
0445110372,-,-,-,-,-,-,
0445110373,-,-,-,-,-,-,
0445110374,-,-,-,-,-,-,
0445110375,-,0.04 ± 0.0045,0.0525 ± 0.011,0.0406 ± 0.0055,0.85 ± 0.0255,0.02 ± 0.0105,CRI22
0445110376,-,0.04 ± 0.0045,0.0525 ± 0.011,0.0406 ± 0.0055,0.85 ± 0.0255,0.02 ± 0.0105,CRI22
0445110377,-,-,-,-,-,-,
0445110378,-,-,-,-,-,-,
0445110379,-,-,-,-,-,-,
0445110380,-,-,-,-,-,-,
0445110381,-,-,-,-,-,-,
0445110382,-,-,-,-,-,-,
0445110387,-,-,-,-,-,-,
0445110388,-,-,-,-,-,-,
0445110391,-,-,-,-,-,-,
0445110395,-,-,-,-,-,-,
0445110398,-,-,-,-,-,-,
0445110400,-,-,-,-,-,-,
0445110401,-,-,-,-,-,-,
0445110404,-,-,-,-,-,-,
0445110407,-,-,-,-,-,-,
0445110408,-,-,-,-,-,-,
0445110409,-,-,-,-,-,-,
0445110410,-,-,-,-,-,-,
0445110411,-,-,-,-,-,-,
0445110412,-,-,-,-,-,-,
0445110414,-,-,-,-,-,-,
0445110416,-,-,-,-,-,-,
0445110417,-,-,-,-,-,-,
0445110418,-,-,-,-,-,-,
0445110419,-,-,-,-,-,-,
0445110420,-,-,-,-,-,-,
0445110421,-,-,-,-,-,-,
0445110422,-,-,-,-,-,-,
0445110423,-,-,-,-,-,-,
0445110424,-,-,-,-,-,-,
0445110425,-,-,-,-,-,-,
0445110427,-,-,-,-,-,-,
0445110430,-,-,-,-,-,-,
0445110435,-,-,-,-,-,-,
0445110436,-,-,-,-,-,-,
0445110439,-,-,-,-,-,-,
0445110441,-,-,-,-,-,-,
0445110442,-,-,-,-,-,-,
0445110443,-,-,-,-,-,-,
0445110444,-,-,-,-,-,-,
0445110445,-,-,-,-,-,-,
0445110446,-,-,-,-,-,-,
0445110447,-,-,-,-,-,-,
0445110448,-,-,-,-,-,-,
0445110449,-,-,-,-,-,-,
0445110450,-,-,-,-,-,-,
0445110451,-,-,-,-,-,-,
0445110454,-,-,-,-,-,-,
0445110455,-,-,-,-,-,-,
0445110457,-,-,-,-,-,-,
0445110462,-,-,-,-,-,-,
0445110463,-,-,-,-,-,-,
0445110464,-,-,-,-,-,-,
0445110465,-,-,-,-,-,-,
0445110466,-,-,-,-,-,-,
0445110478,-,-,-,-,-,-,
0445110479,-,-,-,-,-,-,
0445110480,-,-,-,-,-,-,
0445110481,-,-,-,-,-,-,
0445110482,-,-,-,-,-,-,
0445110483,-,-,-,-,-,-,
0445110484,-,-,-,-,-,-,
0445110485,-,-,-,-,-,-,
0445110486,-,-,-,-,-,-,
0445110489,-,-,-,-,-,-,
0445110496,-,-,-,-,-,-,
0445110497,-,-,-,-,-,-,
0445110498,-,-,-,-,-,-,
0445110499,-,-,-,-,-,-,
0445110502,-,-,-,-,-,-,
0445110506,-,-,-,-,-,-,
0445110507,-,-,-,-,-,-,
0445110508,-,-,-,-,-,-,
0445110509,-,-,-,-,-,-,
0445110510,-,-,-,-,-,-,
0445110511,-,-,-,-,-,-,
0445110512,-,-,-,-,-,-,
0445110515,-,-,-,-,-,-,
0445110516,-,-,-,-,-,-,
0445110517,-,-,-,-,-,-,
0445110519,-,-,-,-,-,-,
0445110520,-,-,-,-,-,-,
0445110521,-,-,-,-,-,-,
0445110524,-,-,-,-,-,-,
0445110531,-,-,-,-,-,-,
0445110532,-,-,-,-,-,-,
0445110533,-,-,-,-,-,-,
0445110537,-,-,-,-,-,-,
0445110539,-,-,-,-,-,-,
0445110540,-,-,-,-,-,-,
0445110541,-,-,-,-,-,-,
0445110543,-,-,-,-,-,-,
0445110545,-,-,-,-,-,-,
0445110547,-,-,-,-,-,-,
0445110549,-,-,-,-,-,-,
0445110557,-,-,-,-,-,-,
0445110558,-,-,-,-,-,-,
0445110559,-,-,-,-,-,-,
0445110560,-,-,-,-,-,-,
0445110561,-,-,-,-,-,-,
0445110565,-,-,-,-,-,-,
0445110566,-,-,-,-,-,-,
0445110577,-,-,-,-,-,-,
0445110580,-,-,-,-,-,-,
0445110594,-,-,-,-,-,-,
0445110595,-,-,-,-,-,-,
0445110596,-,-,-,-,-,-,
0445110600,-,-,-,-,-,-,
0445110601,-,-,-,-,-,-,
0445110610,-,-,-,-,-,-,
0445110614,-,-,-,-,-,-,
0445110616,-,-,-,-,-,-,
0445110617,-,-,-,-,-,-,
0445110618,-,-,-,-,-,-,
0445110623,-,-,-,-,-,-,
0445110628,-,-,-,-,-,-,
0445110629,-,-,-,-,-,-,
0445110630,-,-,-,-,-,-,
0445110631,-,-,-,-,-,-,
0445110646,-,-,-,-,-,-,
0445110647,-,-,-,-,-,-,
0445110669,-,-,-,-,-,-,
0445110670,-,-,-,-,-,-,
0445110679,-,-,-,-,-,-,
0445110680,-,-,-,-,-,-,
0445110682,-,-,-,-,-,-,
0445110688,-,-,-,-,-,-,
0445110689,-,-,-,-,-,-,
0445110691,-,-,-,-,-,-,
0445110698,-,-,-,-,-,-,
0445110709,-,-,-,-,-,-,
0445110710,-,-,-,-,-,-,
0445110724,-,-,-,-,-,-,
0445110725,-,-,-,-,-,-,
0445110726,-,-,-,-,-,-,
0445110727,-,-,-,-,-,-,
0445110729,-,-,-,-,-,-,
0445110730,-,-,-,-,-,-,
0445110731,-,-,-,-,-,-,
0445110739,-,-,-,-,-,-,
0445110762,-,-,-,-,-,-,
0445110763,-,-,-,-,-,-,
0445110764,-,-,-,-,-,-,
0445110797,-,-,-,-,-,-,
0445110810,-,-,-,-,-,-,
0445115003,-,-,-,-,-,-,
0445115004,-,-,-,-,-,-,
0445115007,-,-,-,-,-,-,
0445115008,-,-,-,-,-,-,
0445115009,-,-,-,-,-,-,
0445115014,-,-,-,-,-,-,
0445115015,-,-,-,-,-,-,
0445115016,-,-,-,-,-,-,
0445115017,-,-,-,-,-,-,
0445115018,-,-,-,-,-,-,
0445115019,-,-,-,-,-,-,
0445115020,-,-,-,-,-,-,
0445115021,-,-,-,-,-,-,
0445115022,-,-,-,-,-,-,
0445115023,-,-,-,-,-,-,
0445115024,-,-,-,-,-,-,
0445115025,-,-,-,-,-,-,
0445115026,-,-,-,-,-,-,
0445115027,-,-,-,-,-,-,
0445115028,-,-,-,-,-,-,
0445115029,-,-,-,-,-,-,
0445115032,-,-,-,-,-,-,
0445115033,-,-,-,-,-,-,
0445115034,-,-,-,-,-,-,
0445115035,-,-,-,-,-,-,
0445115036,-,-,-,-,-,-,
0445115037,-,-,-,-,-,-,
0445115038,-,-,-,-,-,-,
0445115039,-,-,-,-,-,-,
0445115040,-,-,-,-,-,-,
0445115041,-,-,-,-,-,-,
0445115042,-,-,-,-,-,-,
0445115043,-,-,-,-,-,-,
0445115044,-,-,-,-,-,-,
0445115045,-,-,-,-,-,-,
0445115046,-,-,-,-,-,-,
0445115047,-,-,-,-,-,-,
0445115048,-,-,-,-,-,-,
0445115049,-,-,-,-,-,-,
0445115050,-,-,-,-,-,-,
0445115051,-,-,-,-,-,-,
0445115052,-,-,-,-,-,-,
0445115053,-,-,-,-,-,-,
0445115054,-,-,-,-,-,-,
0445115055,-,-,-,-,-,-,
0445115056,-,-,-,-,-,-,
0445115057,-,-,-,-,-,-,
0445115058,-,-,-,-,-,-,
0445115059,-,-,-,-,-,-,
0445115060,-,-,-,-,-,-,
0445115061,-,-,-,-,-,-,
0445115062,-,-,-,-,-,-,
0445115063,-,-,-,-,-,-,
0445115064,-,-,-,-,-,-,
0445115065,-,-,-,-,-,-,
0445115066,-,-,-,-,-,-,
0445115067,-,-,-,-,-,-,
0445115068,-,-,-,-,-,-,
0445115069,-,-,-,-,-,-,
0445115070,-,-,-,-,-,-,
0445115071,-,-,-,-,-,-,
0445115072,-,-,-,-,-,-,
0445115075,-,-,-,-,-,-,
0445115076,-,-,-,-,-,-,
0445115077,-,-,-,-,-,-,
0445115078,-,-,-,-,-,-,
0445115079,-,-,-,-,-,-,
0445115080,-,-,-,-,-,-,
0445115081,-,-,-,-,-,-,
0445115082,-,-,-,-,-,-,
0445115083,-,-,-,-,-,-,
0445115084,-,-,-,-,-,-,
0445115085,-,-,-,-,-,-,
0445115086,-,-,-,-,-,-,
0445115087,-,-,-,-,-,-,
0445116001,-,-,-,-,-,-,
0445116002,-,-,-,-,-,-,
0445116003,-,-,-,-,-,-,
0445116004,-,-,-,-,-,-,
0445116005,-,-,-,-,-,-,
0445116006,-,-,-,-,-,-,
0445116007,-,-,-,-,-,-,
0445116008,-,-,-,-,-,-,
0445116009,-,-,-,-,-,-,
0445116010,-,-,-,-,-,-,
0445116011,-,-,-,-,-,-,
0445116012,-,-,-,-,-,-,
0445116013,-,-,-,-,-,-,
0445116014,-,-,-,-,-,-,
0445116015,-,-,-,-,-,-,
0445116016,-,-,-,-,-,-,
0445116017,-,-,-,-,-,-,
0445116018,-,-,-,-,-,-,
0445116019,-,-,-,-,-,-,
0445116022,-,-,-,-,-,-,
0445116023,-,-,-,-,-,-,
0445116024,-,-,-,-,-,-,
0445116025,-,-,-,-,-,-,
0445116026,-,-,-,-,-,-,
0445116027,-,-,-,-,-,-,
0445116028,-,-,-,-,-,-,
0445116029,-,-,-,-,-,-,
0445116030,-,-,-,-,-,-,
0445116033,-,-,-,-,-,-,
0445116034,-,-,-,-,-,-,
0445116035,-,-,-,-,-,-,
0445116036,-,-,-,-,-,-,
0445116037,-,-,-,-,-,-,
0445116039,-,-,-,-,-,-,
0445116040,-,-,-,-,-,-,
0445116041,-,-,-,-,-,-,
0445116043,-,-,-,-,-,-,
0445116044,-,-,-,-,-,-,
0445116045,-,-,-,-,-,-,
0445116046,-,-,-,-,-,-,
0445116047,-,-,-,-,-,-,
0445116048,-,-,-,-,-,-,
0445116049,-,-,-,-,-,-,
0445116051,-,-,-,-,-,-,
0445116053,-,-,-,-,-,-,
0445116054,-,-,-,-,-,-,
0445116055,-,-,-,-,-,-,
0445116056,-,-,-,-,-,-,
0445116058,-,-,-,-,-,-,
0445116059,-,-,-,-,-,-,
0445116065,-,-,-,-,-,-,
0445116067,-,-,-,-,-,-,
0445116069,-,-,-,-,-,-,
0445117002,-,-,-,-,-,-,
0445117003,-,-,-,-,-,-,
0445117004,-,-,-,-,-,-,
0445117005,-,-,-,-,-,-,
0445117008,-,-,-,-,-,-,
0445117010,-,-,-,-,-,-,
0445117011,-,-,-,-,-,-,
0445117012,-,-,-,-,-,-,
0445117017,-,-,-,-,-,-,
0445117019,-,-,-,-,-,-,
0445117020,-,-,-,-,-,-,
0445117021,-,-,-,-,-,-,
0445117022,-,-,-,-,-,-,
0445117023,-,-,-,-,-,-,
0445117024,-,-,-,-,-,-,
0445117025,-,-,-,-,-,-,
0445117026,-,-,-,-,-,-,
0445117027,-,-,-,-,-,-,
0445117029,-,-,-,-,-,-,
0445117030,-,-,-,-,-,-,
0445117031,-,-,-,-,-,-,
0445117032,-,-,-,-,-,-,
0445117033,-,-,-,-,-,-,
0445117034,-,-,-,-,-,-,
0445117035,-,-,-,-,-,-,
0445117036,-,-,-,-,-,-,
0445117037,-,-,-,-,-,-,
0445117038,-,-,-,-,-,-,
0445117039,-,-,-,-,-,-,
0445117040,-,-,-,-,-,-,
0445117046,-,-,-,-,-,-,
0445117048,-,-,-,-,-,-,
0445120002,-,0.055 ± 0.005,0.05 ± 0.01,0.055 ± 0.006,0.255 ± 0.01,-,CRIN1
0445120003,-,0.05 ± 0.005,0.05 ± 0.01,0.05 ± 0.006,0.3 ± 0.01,-,CRIN1
0445120004,-,0.05 ± 0.005,0.05 ± 0.01,0.05 ± 0.006,0.3 ± 0.01,-,CRIN1
0445120006,-,0.05 ± 0.005,0.05 ± 0.01,0.05 ± 0.006,0.25 ± 0.01,-,CRIN1
0445120007,-,0.05 ± 0.005,0.05 ± 0.01,0.05 ± 0.006,0.2 ± 0.01,-,CRIN1
0445120008,-,0.05 ± 0.005,0.05 ± 0.01,0.05 ± 0.006,0.2 ± 0.01,-,CRIN1
0445120009,-,0.05 ± 0.005,0.05 ± 0.01,0.05 ± 0.006,0.3 ± 0.01,-,CRIN1
0445120010,-,0.05 ± 0.005,0.05 ± 0.01,0.05 ± 0.006,0.3 ± 0.01,-,CRIN1
0445120011,-,0.05 ± 0.005,0.05 ± 0.01,0.05 ± 0.006,0.2 ± 0.01,-,CRIN1
0445120012,-,0.05 ± 0.005,0.05 ± 0.01,0.05 ± 0.006,0.2 ± 0.01,-,CRIN1
0445120013,-,0.05 ± 0.005,0.05 ± 0.01,0.05 ± 0.006,0.2 ± 0.01,-,CRIN1
0445120014,-,0.05 ± 0.005,0.05 ± 0.01,0.05 ± 0.006,0.3 ± 0.01,-,CRIN1
0445120015,-,0.05 ± 0.005,0.05 ± 0.01,0.05 ± 0.006,0.3 ± 0.01,-,CRIN1
0445120016,-,0.05 ± 0.005,0.05 ± 0.01,0.05 ± 0.006,0.2 ± 0.01,-,CRIN1
0445120017,-,0.05 ± 0.005,0.05 ± 0.01,0.05 ± 0.006,0.2 ± 0.01,-,CRIN1
0445120018,-,0.05 ± 0.005,0.05 ± 0.01,0.05 ± 0.006,0.2 ± 0.01,-,CRIN1
0445120019,-,0.05 ± 0.005,0.05 ± 0.01,0.05 ± 0.006,0.3 ± 0.01,-,CRIN1
0445120020,-,0.05 ± 0.005,0.05 ± 0.01,0.05 ± 0.006,0.3 ± 0.01,-,CRIN1
0445120024,-,0.05 ± 0.005,- ± -,0.05 ± 0.006,0.3 ± 0.01,-,CRIN2A
0445120025,-,0.05 ± 0.005,0.05 ± 0.01,0.05 ± 0.006,0.3 ± 0.01,-,CRIN1
0445120027,-,0.057 ± 0.005,- ± -,0.057 ± 0.006,0.2 ± 0.01,0.057 ± 0.015,CRIN2A
0445120028,-,0.05 ± 0.005,0.05 ± 0.01,0.05 ± 0.006,0.3 ± 0.01,-,CRIN1
0445120029,-,0.05 ± 0.005,0.05 ± 0.01,0.05 ± 0.006,0.25 ± 0.01,-,CRIN1
0445120030,-,0.05 ± 0.005,- ± -,0.05 ± 0.006,0.3 ± 0.01,-,CRIN2A
0445120031,-,0.05 ± 0.005,0.05 ± 0.01,0.05 ± 0.006,0.3 ± 0.01,-,CRIN1
0445120032,-,0.05 ± 0.005,0.05 ± 0.01,0.05 ± 0.006,0.21 ± 0.01,-,CRIN1
0445120033,-,0.05 ± 0.005,0.05 ± 0.01,0.05 ± 0.006,0.3 ± 0.01,-,CRIN1
0445120034,-,0.05 ± 0.005,0.05 ± 0.01,0.05 ± 0.006,0.3 ± 0.01,-,CRIN1
0445120035,-,0.05 ± 0.005,0.05 ± 0.01,0.05 ± 0.006,0.25 ± 0.01,-,CRIN1
0445120036,-,0.05 ± 0.005,0.05 ± 0.01,0.05 ± 0.006,0.25 ± 0.01,-,CRIN1
0445120037,-,0.05 ± 0.005,0.05 ± 0.01,0.05 ± 0.006,0.25 ± 0.01,-,CRIN1
0445120038,-,0.05 ± 0.005,0.05 ± 0.01,0.05 ± 0.006,0.3 ± 0.01,-,CRIN1
0445120040,-,0.05 ± 0.005,0.05 ± 0.01,0.05 ± 0.006,0.3 ± 0.01,-,CRIN1
0445120041,-,0.05 ± 0.005,0.05 ± 0.01,0.05 ± 0.006,0.3 ± 0.01,-,CRIN1
0445120042,-,0.055 ± 0.005,- ± -,0.055 ± 0.005,0.2 ± 0.01,0.055 ± 0.015,CRIN3
0445120043,-,0.05 ± 0.005,0.05 ± 0.01,0.05 ± 0.006,0.25 ± 0.01,-,CRIN1
0445120044,-,0.05 ± 0.005,- ± -,0.05 ± 0.006,0.3 ± 0.01,-,CRIN2A
0445120045,-,0.05 ± 0.005,- ± -,0.05 ± 0.006,0.3 ± 0.01,-,CRIN2A
0445120046,-,0.05 ± 0.005,0.05 ± 0.01,0.05 ± 0.006,0.25 ± 0.01,-,CRIN1
0445120047,-,-,-,-,-,-,
0445120048,-,-,-,-,-,-,
0445120049,-,-,-,-,-,-,
0445120050,-,0.047 ± 0.005,- ± -,0.047 ± 0.005,0.25 ± 0.01,0.047 ± 0.015,CRIN3
0445120051,-,0.05 ± 0.005,0.05 ± 0.01,0.05 ± 0.006,0.305 ± 0.01,-,CRIN1
0445120052,-,0.05 ± 0.005,0.05 ± 0.01,0.05 ± 0.006,0.305 ± 0.01,-,CRIN1
0445120053,-,0.055 ± 0.05,- ± -,0.055 ± 0.005,0.3 ± 0.01,0.055 ± 0.015,CRIN2A
0445120054,-,0.052 ± 0.005,- ± -,0.052 ± 0.006,0.25 ± 0.01,0.052 ± 0.015,CRIN2A
0445120055,-,0.055 ± 0.005,- ± -,0.055 ± 0.006,0.35 ± 0.01,0.055 ± 0.015,CRIN2A
0445120056,-,0.054 ± 0.005,- ± -,0.054 ± 0.006,0.35 ± 0.01,0.054 ± 0.015,CRIN2A
0445120057,-,0.05 ± 0.005,- ± -,0.05 ± 0.006,0.2 ± 0.01,0.05 ± 0.015,CRIN2A
0445120058,-,-,-,-,-,-,
0445120059,-,0.05 ± 0.005,0.05 ± 0.01,0.05 ± 0.006,0.2 ± 0.01,-,CRIN1
0445120060,-,0.05 ± 0.005,0.05 ± 0.01,0.05 ± 0.006,0.2 ± 0.01,-,CRIN1
0445120061,-,0.052 ± 0.005,- ± -,0.052 ± 0.006,0.35 ± 0.01,0.05 ± 0.015,CRIN2A
0445120062,-,0.054 ± 0.005,- ± -,0.054 ± 0.006,0.3 ± 0.01,0.054 ± 0.015,CRIN2A
0445120063,-,0.055 ± 0.005,- ± -,0.055 ± 0.006,0.3 ± 0.01,0.055 ± 0.015,CRIN2A
0445120064,-,0.052 ± 0.005,- ± -,0.052 ± 0.006,0.25 ± 0.01,0.052 ± 0.015,CRIN2A
0445120065,-,0.052 ± 0.005,- ± -,0.052 ± 0.005,0.3 ± 0.01,0.052 ± 0.015,CRIN2A
0445120066,-,0.052 ± 0.005,- ± -,0.052 ± 0.006,0.3 ± 0.01,0.052 ± 0.015,CRIN2A
0445120067,-,0.052 ± 0.005,- ± -,0.052 ± 0.005,0.3 ± 0.01,0.052 ± 0.01,CRIN2A
0445120068,-,0.054 ± 0.005,- ± -,0.054 ± 0.005,0.35 ± 0.01,0.054 ± 0.015,CRIN2A
0445120069,-,0.05 ± 0.005,0.05 ± 0.01,0.05 ± 0.006,0.3 ± 0.01,-,CRIN1
0445120070,-,0.05 ± 0.005,0.05 ± 0.01,0.05 ± 0.006,0.3 ± 0.01,-,CRIN1
0445120071,-,0.047 ± 0.004,- ± -,0.047 ± 0.005,0.25 ± 0.01,0.047 ± 0.015,CRIN3
0445120072,-,-,-,-,-,-,
0445120073,-,0.046 ± 0.005,0.05 ± 0.008,0.046 ± 0.005,0.27 ± 0.01,0.02 ± 0.007,CRIN3L
0445120074,-,0.052 ± 0.005,- ± -,0.052 ± 0.006,0.3 ± 0.01,0.052 ± 0.015,CRIN2A
0445120075,-,0.052 ± 0.005,- ± -,0.052 ± 0.006,0.25 ± 0.01,0.052 ± 0.015,CRIN2A
0445120076,-,-,-,-,-,-,
0445120077,-,0.05 ± 0.005,0.05 ± 0.01,0.05 ± 0.006,0.25 ± 0.01,-,CRIN1
0445120078,-,0.052 ± 0.005,- ± -,0.052 ± 0.006,0.25 ± 0.01,0.052 ± 0.015,CRIN2A
0445120079,-,0.05 ± 0.005,0.05 ± 0.01,0.05 ± 0.006,0.2 ± 0.01,-,CRIN1
0445120080,-,0.052 ± 0.005,- ± -,0.052 ± 0.006,0.2 ± 0.01,0.052 ± 0.015,CRIN2A
0445120081,-,0.052 ± 0.005,- ± -,0.052 ± 0.006,0.25 ± 0.01,0.052 ± 0.015,CRIN2A
0445120082,-,0.052 ± 0.005,- ± -,0.052 ± 0.006,0.2 ± 0.01,0.052 ± 0.015,CRIN3
0445120083,-,0.052 ± 0.005,- ± -,0.052 ± 0.005,0.3 ± 0.01,0.052 ± 0.015,CRIN2A
0445120084,-,0.05 ± 0.005,0.05 ± 0.01,0.05 ± 0.006,0.3 ± 0.01,-,CRIN1
0445120085,-,0.05 ± 0.005,0.05 ± 0.01,0.05 ± 0.006,0.3 ± 0.01,-,CRIN1
0445120086,-,0.052 ± 0.005,- ± -,0.052 ± 0.006,0.25 ± 0.01,0.052 ± 0.015,CRIN2A
0445120087,-,0.052 ± 0.005,- ± -,0.052 ± 0.006,0.3 ± 0.01,0.052 ± 0.015,CRIN2A
0445120089,-,0.05 ± 0.005,0.05 ± 0.01,0.05 ± 0.006,0.25 ± 0.01,-,CRIN1
0445120090,-,-,-,-,-,-,
0445120091,-,-,-,-,-,-,
0445120092,-,0.047 ± 0.005,- ± -,0.047 ± 0.005,0.3 ± 0.01,0.047 ± 0.015,CRIN3
0445120093,-,-,-,-,-,-,
0445120094,-,0.05 ± 0.005,0.05 ± 0.01,0.05 ± 0.006,0.25 ± 0.01,-,CRIN1
0445120095,-,-,-,-,-,-,
0445120096,-,0.05 ± 0.005,0.05 ± 0.01,0.05 ± 0.006,0.3 ± 0.01,-,CRIN1
0445120097,-,0.05 ± 0.005,0.05 ± 0.01,0.05 ± 0.006,0.25 ± 0.01,-,CRIN1
0445120098,-,0.052 ± 0.005,- ± -,0.052 ± 0.006,0.25 ± 0.01,0.052 ± 0.015,CRIN2A
0445120099,-,0.052 ± 0.005,- ± -,0.052 ± 0.006,0.25 ± 0.01,0.052 ± 0.015,CRIN2A
0445120100,-,0.055 ± 0.005,- ± -,0.055 ± 0.006,0.4 ± 0.01,0.055 ± 0.015,CRIN2A
0445120101,-,0.052 ± 0.005,- ± -,0.052 ± 0.005,0.2 ± 0.01,0.052 ± 0.015,CRIN2A
0445120102,-,0.052 ± 0.005,- ± -,0.052 ± 0.006,0.25 ± 0.01,0.052 ± 0.015,CRIN2A
0445120103,-,0.05 ± 0.005,0.05 ± 0.01,0.05 ± 0.006,0.21 ± 0.01,-,CRIN1
0445120105,-,0.055 ± 0.05,- ± -,0.055 ± 0.005,0.3 ± 0.01,0.055 ± 0.015,CRIN2A
0445120106,-,0.052 ± 0.004,- ± -,0.052 ± 0.006,0.25 ± 0.01,0.05 ± 0.015,CRIN2A
0445120107,-,-,-,-,-,-,
0445120108,-,0.05 ± 0.005,0.05 ± 0.01,0.05 ± 0.006,0.3 ± 0.01,-,CRIN1
0445120109,-,-,-,-,-,-,
0445120110,-,0.052 ± 0.005,- ± -,0.052 ± 0.006,0.3 ± 0.01,0.052 ± 0.015,CRIN2A
0445120112,-,0.05 ± 0.005,0.05 ± 0.01,0.05 ± 0.006,0.25 ± 0.01,-,CRIN1
0445120113,-,0.05 ± 0.005,0.05 ± 0.01,0.05 ± 0.006,0.2 ± 0.01,-,CRIN1
0445120114,-,0.05 ± 0.005,0.05 ± 0.01,0.05 ± 0.006,0.21 ± 0.01,-,CRIN1
0445120115,-,0.05 ± 0.005,0.05 ± 0.01,0.05 ± 0.006,0.25 ± 0.01,-,CRIN1
0445120116,-,0.047 ± 0.005,- ± -,0.047 ± 0.005,0.025 ± 0.01,0.047 ± 0.015,CRIN3
0445120117,-,-,-,-,-,-,
0445120118,-,0.045 ± 0.005,- ± -,0.045 ± 0.005,0.35 ± 0.01,0.045 ± 0.015,CRIN3
0445120120,-,0.05 ± 0.005,0.05 ± 0.01,0.05 ± 0.006,0.25 ± 0.01,-,CRIN1
0445120121,-,0.05 ± 0.005,0.05 ± 0.01,0.05 ± 0.006,0.3 ± 0.01,-,CRIN1
0445120122,-,0.05 ± 0.005,0.05 ± 0.01,0.05 ± 0.006,0.3 ± 0.01,-,CRIN1
0445120123,-,0.05 ± 0.005,0.05 ± 0.01,0.05 ± 0.006,0.21 ± 0.01,-,CRIN1
0445120124,-,0.052 ± 0.005,- ± -,0.052 ± 0.005,0.25 ± 0.01,0.052 ± 0.015,CRIN2A
0445120125,-,0.05 ± 0.005,0.05 ± 0.01,0.05 ± 0.006,0.25 ± 0.01,-,CRIN1
0445120126,-,-,-,-,-,-,
0445120127,-,0.052 ± 0.005,- ± -,0.052 ± 0.005,0.3 ± 0.01,0.052 ± 0.015,CRIN2A
0445120128,-,0.055 ± 0.005,- ± -,0.055 ± 0.005,0.35 ± 0.01,0.055 ± 0.015,CRIN2A
0445120129,-,0.052 ± 0.005,- ± -,0.052 ± 0.006,0.3 ± 0.01,0.052 ± 0.015,CRIN2A
0445120130,-,0.052 ± 0.005,- ± -,0.052 ± 0.006,0.3 ± 0.01,0.052 ± 0.015,CRIN2A
0445120131,-,0.052 ± 0.005,- ± -,0.052 ± 0.005,0.35 ± 0.01,0.052 ± 0.015,CRIN2A
0445120133,-,0.05 ± 0.005,0.05 ± 0.01,0.05 ± 0.006,0.3 ± 0.01,-,CRIN1
0445120134,-,0.055 ± 0.005,- ± -,0.055 ± 0.006,0.25 ± 0.01,0.055 ± 0.015,CRIN2A
0445120135,-,0.047 ± 0.05,- ± -,0.047 ± 0.006,0.025 ± 0.01,0.047 ± 0.015,CRIN3
0445120136,-,0.052 ± 0.005,- ± -,0.052 ± 0.005,0.25 ± 0.01,0.052 ± 0.015,CRIN2A
0445120137,-,0.052 ± 0.005,- ± -,0.052 ± 0.005,0.25 ± 0.01,0.052 ± 0.015,CRIN2A
0445120138,-,0.052 ± 0.005,- ± -,0.052 ± 0.006,0.3 ± 0.01,0.052 ± 0.015,CRIN2A
0445120139,-,0.052 ± 0.005,- ± -,0.052 ± 0.006,0.3 ± 0.01,0.052 ± 0.015,CRIN2A
0445120140,-,0.05 ± 0.005,0.05 ± 0.01,0.05 ± 0.006,0.3 ± 0.01,-,CRIN1
0445120141,-,0.052 ± 0.005,- ± -,0.052 ± 0.006,0.3 ± 0.01,0.052 ± 0.015,CRIN2A
0445120142,-,0.052 ± 0.005,- ± -,0.052 ± 0.006,0.25 ± 0.01,0.052 ± 0.015,CRIN2A
0445120143,-,0.045 ± 0.005,- ± -,0.045 ± 0.005,0.35 ± 0.01,0.045 ± 0.015,CRIN3
0445120144,-,0.05 ± 0.005,0.05 ± 0.01,0.05 ± 0.006,0.25 ± 0.01,-,CRIN1
0445120145,-,0.052 ± 0.005,- ± -,0.052 ± 0.006,0.25 ± 0.01,0.052 ± 0.015,CRIN2A
0445120146,-,0.052 ± 0.005,- ± -,0.052 ± 0.006,0.3 ± 0.01,0.052 ± 0.015,CRIN2A
0445120147,-,0.052 ± 0.005,- ± -,0.052 ± 0.006,0.25 ± 0.01,0.052 ± 0.015,CRIN2A
0445120148,-,0.052 ± 0.005,- ± -,0.052 ± 0.006,0.25 ± 0.01,0.052 ± 0.015,CRIN2A
0445120149,-,0.052 ± 0.005,- ± -,0.052 ± 0.006,0.3 ± 0.01,0.052 ± 0.015,CRIN2A
0445120150,-,0.052 ± 0.005,- ± -,0.052 ± 0.006,0.25 ± 0.01,0.052 ± 0.015,CRIN2A
0445120151,-,0.05 ± 0.005,0.05 ± 0.01,0.05 ± 0.006,0.3 ± 0.01,-,CRIN1
0445120152,-,0.05 ± 0.005,0.05 ± 0.01,0.05 ± 0.006,0.235 ± 0.01,-,CRIN1
0445120153,-,0.052 ± 0.005,- ± -,0.052 ± 0.006,0.3 ± 0.01,0.052 ± 0.015,CRIN2A
0445120154,-,0.052 ± 0.005,- ± -,0.052 ± 0.006,0.35 ± 0.01,0.052 ± 0.015,CRIN2A
0445120155,-,0.045 ± 0.005,- ± -,0.045 ± 0.005,0.35 ± 0.01,0.045 ± 0.015,CRIN3
0445120156,-,0.052 ± 0.005,- ± -,0.052 ± 0.006,0.3 ± 0.01,0.052 ± 0.015,CRIN2A
0445120157,-,0.045 ± 0.005,- ± -,0.045 ± 0.005,0.3 ± 0.01,0.045 ± 0.015,CRIN2A
0445120159,-,0.05 ± 0.005,0.05 ± 0.01,0.05 ± 0.006,0.3 ± 0.01,-,CRIN1
0445120160,-,0.052 ± 0.005,- ± -,0.052 ± 0.006,0.3 ± 0.01,0.052 ± 0.015,CRIN2A
0445120161,-,0.047 ± 0.005,- ± -,0.047 ± 0.005,0.25 ± 0.01,0.047 ± 0.015,CRIN3
0445120162,-,0.044 ± 0.005,- ± -,0.044 ± 0.005,0.3 ± 0.01,0.044 ± 0.015,CRIN3
0445120163,-,0.052 ± 0.005,- ± -,0.052 ± 0.005,0.3 ± 0.01,0.052 ± 0.015,CRIN2A
0445120164,-,0.052 ± 0.005,- ± -,0.052 ± 0.006,0.3 ± 0.01,0.052 ± 0.015,CRIN2A
0445120165,-,-,-,-,-,-,
0445120167,-,-,-,-,-,-,
0445120168,-,0.047 ± 0.005,- ± -,0.047 ± 0.005,0.25 ± 0.01,0.047 ± 0.015,CRIN3
0445120169,-,0.052 ± 0.005,- ± -,0.052 ± 0.006,0.3 ± 0.01,0.052 ± 0.015,CRIN2A
0445120170,-,0.052 ± 0.005,- ± -,0.052 ± 0.006,0.25 ± 0.01,0.052 ± 0.015,CRIN2A
0445120173,-,0.05 ± 0.005,0.05 ± 0.01,0.05 ± 0.006,0.305 ± 0.01,-,CRIN1
0445120174,-,0.05 ± 0.005,0.05 ± 0.01,0.05 ± 0.006,0.305 ± 0.01,-,CRIN1
0445120175,-,0.05 ± 0.005,0.05 ± 0.01,0.05 ± 0.006,0.3 ± 0.01,-,CRIN1
0445120176,-,0.05 ± 0.005,0.05 ± 0.01,0.05 ± 0.006,0.3 ± 0.01,-,CRIN1
0445120177,-,0.047 ± 0.005,- ± -,0.047 ± 0.006,0.25 ± 0.01,0.047 ± 0.015,CRIN3
0445120178,-,-,-,-,-,-,
0445120179,-,0.043 ± 0.04,- ± -,0.043 ± 0.05,0.35 ± 0.01,0.043 ± 0.01,CRIN3
0445120180,-,0.043 ± 0.04,- ± -,0.043 ± 0.05,0.35 ± 0.01,0.043 ± 0.015,CRIN3
0445120182,-,0.052 ± 0.005,- ± -,0.052 ± 0.006,0.25 ± 0.01,0.052 ± 0.015,CRIN2A
0445120183,-,0.052 ± 0.005,- ± -,0.052 ± 0.006,0.25 ± 0.01,0.052 ± 0.015,CRIN2A
0445120184,-,0.047 ± 0.004,- ± -,0.047 ± 0.006,0.25 ± 0.01,0.047 ± 0.015,CRIN3
0445120185,-,0.047 ± 0.004,- ± -,0.047 ± 0.006,0.25 ± 0.01,0.047 ± 0.015,CRIN3
0445120186,-,0.044 ± 0.005,- ± -,0.044 ± 0.005,0.3 ± 0.01,0.045 ± 0.015,CRIN3
0445120187,-,0.047 ± 0.04,- ± -,0.047 ± 0.05,0.25 ± 0.01,0.047 ± 0.015,CRIN3
0445120188,-,0.047 ± 0.04,- ± -,0.047 ± 0.05,0.25 ± 0.01,0.047 ± 0.015,CRIN3
0445120191,-,-,-,-,-,-,
0445120192,-,-,-,-,-,-,
0445120193,-,0.047 ± 0.004,- ± -,0.047 ± 0.006,0.25 ± 0.01,0.047 ± 0.015,CRIN3
0445120196,-,0.055 ± 0.005,- ± -,0.055 ± 0.006,0.35 ± 0.01,0.055 ± 0.015,CRIN2A
0445120197,-,0.045 ± 0.005,- ± -,0.045 ± 0.005,0.35 ± 0.01,0.045 ± 0.015,CRIN3
0445120199,-,-,-,-,-,-,
0445120200,-,-,-,-,-,-,
0445120201,-,0.044 ± 0.005,- ± -,0.044 ± 0.005,0.35 ± 0.01,0.044 ± 0.015,CRIN3
0445120202,-,0.044 ± 0.005,- ± -,0.044 ± 0.005,0.35 ± 0.01,0.044 ± 0.015,CRIN3
0445120203,-,-,-,-,-,-,
0445120204,-,0.047 ± 0.004,- ± -,0.047 ± 0.006,0.25 ± 0.01,0.047 ± 0.01,CRIN3
0445120208,-,0.05 ± 0.005,0.05 ± 0.01,0.05 ± 0.006,0.21 ± 0.01,-,CRIN1
0445120209,-,-,-,-,-,-,
0445120210,-,0.05 ± 0.005,0.05 ± 0.01,0.05 ± 0.006,0.2 ± 0.01,-,CRIN1
0445120211,-,0.05 ± 0.005,0.05 ± 0.01,0.05 ± 0.006,0.3 ± 0.01,-,CRIN1
0445120212,-,0.05 ± 0.005,0.05 ± 0.01,0.05 ± 0.006,0.2 ± 0.01,-,CRIN1
0445120213,-,-,-,-,-,-,
0445120214,-,-,-,-,-,-,
0445120215,-,0.052 ± 0.05,- ± -,0.052 ± 0.005,0.3 ± 0.01,0.052 ± 0.015,CRIN2A
0445120217,-,0.052 ± 0.005,- ± -,0.052 ± 0.006,0.35 ± 0.01,0.052 ± 0.015,CRIN2A
0445120218,-,0.052 ± 0.005,- ± -,0.052 ± 0.006,0.3 ± 0.01,-,CRIN2A
0445120219,-,0.052 ± 0.005,- ± -,0.052 ± 0.006,0.4 ± 0.01,0.052 ± 0.015,CRIN2A
0445120220,-,-,-,-,-,-,
0445120222,-,-,-,-,-,-,
0445120224,-,-,-,-,-,-,
0445120225,-,-,-,-,-,-,
0445120226,-,0.052 ± 0.05,- ± -,0.052 ± 0.005,0.3 ± 0.01,0.052 ± 0.015,CRIN2A
0445120227,-,-,-,-,-,-,
0445120228,-,-,-,-,-,-,
0445120229,-,0.045 ± 0.005,- ± -,0.045 ± 0.005,0.3 ± 0.01,0.045 ± 0.015,CRIN3
0445120231,-,-,-,-,-,-,
0445120232,-,-,-,-,-,-,
0445120233,-,-,-,-,-,-,
0445120234,-,-,-,-,-,-,
0445120235,-,-,-,-,-,-,
0445120236,-,0.05 ± 0.005,0.05 ± 0.01,0.05 ± 0.006,0.3 ± 0.01,-,CRIN1
0445120237,-,0.05 ± 0.005,0.05 ± 0.01,0.05 ± 0.006,0.25 ± 0.01,-,CRIN1
0445120238,-,0.05 ± 0.005,0.05 ± 0.01,0.05 ± 0.006,0.21 ± 0.01,-,CRIN1
0445120239,-,0.05 ± 0.005,0.05 ± 0.01,0.05 ± 0.006,0.3 ± 0.01,-,CRIN1
0445120240,-,0.05 ± 0.005,0.05 ± 0.01,0.05 ± 0.006,0.25 ± 0.01,-,CRIN1
0445120241,-,-,-,-,-,-,
0445120242,-,-,-,-,-,-,
0445120244,-,-,-,-,-,-,
0445120245,-,-,-,-,-,-,
0445120246,-,0.047 ± 0.005,- ± -,0.047 ± 0.006,0.2 ± 0.01,0.047 ± 0.015,CRIN2A
0445120247,-,-,-,-,-,-,
0445120250,-,-,-,-,-,-,
0445120252,-,0.05 ± 0.005,0.05 ± 0.01,0.05 ± 0.006,0.235 ± 0.01,-,CRIN1
0445120253,-,0.05 ± 0.005,0.05 ± 0.01,0.05 ± 0.006,0.3 ± 0.01,-,CRIN1
0445120254,-,0.05 ± 0.005,0.05 ± 0.01,0.05 ± 0.006,0.235 ± 0.01,-,CRIN1
0445120255,-,0.05 ± 0.005,0.05 ± 0.01,0.05 ± 0.006,0.2 ± 0.01,-,CRIN1
0445120256,-,0.05 ± 0.005,0.05 ± 0.01,0.05 ± 0.006,0.3 ± 0.01,-,CRIN1
0445120257,-,-,-,-,-,-,
0445120258,-,0.045 ± 0.005,- ± -,0.045 ± 0.005,0.025 ± 0.01,0.045 ± 0.015,CRIN3
0445120260,-,-,-,-,-,-,
0445120261,-,-,-,-,-,-,
0445120262,-,-,-,-,-,-,
0445120263,-,-,-,-,-,-,
0445120265,-,-,-,-,-,-,
0445120266,-,-,-,-,-,-,
0445120267,-,-,-,-,-,-,
0445120268,-,0.052 ± 0.005,- ± -,0.052 ± 0.006,0.2 ± 0.01,0.052 ± 0.015,CRIN2A
0445120269,-,0.045 ± 0.005,- ± -,0.045 ± 0.005,0.35 ± 0.01,0.045 ± 0.015,CRIN3
0445120272,-,-,-,-,-,-,
0445120273,-,0.05 ± 0.005,0.05 ± 0.01,0.05 ± 0.006,0.2 ± 0.01,-,CRIN1
0445120277,-,-,-,-,-,-,
0445120279,-,-,-,-,-,-,
0445120280,-,-,-,-,-,-,
0445120282,-,-,-,-,-,-,
0445120289,-,0.052 ± 0.005,- ± -,0.052 ± 0.005,0.25 ± 0.01,0.052 ± 0.015,CRIN2A
0445120290,-,-,-,-,-,-,
0445120291,-,-,-,-,-,-,
0445120292,-,-,-,-,-,-,
0445120293,-,-,-,-,-,-,
0445120294,-,-,-,-,-,-,
0445120295,-,-,-,-,-,-,
0445120296,-,-,-,-,-,-,
0445120297,-,-,-,-,-,-,
0445120304,-,-,-,-,-,-,
0445120305,-,-,-,-,-,-,
0445120309,-,-,-,-,-,-,
0445120310,-,-,-,-,-,-,
0445120311,-,-,-,-,-,-,
0445120313,-,-,-,-,-,-,
0445120314,-,-,-,-,-,-,
0445120315,-,-,-,-,-,-,
0445120316,-,-,-,-,-,-,
0445120317,-,-,-,-,-,-,
0445120318,-,-,-,-,-,-,
0445120321,-,-,-,-,-,-,
0445120323,-,-,-,-,-,-,
0445120324,-,-,-,-,-,-,
0445120325,-,-,-,-,-,-,
0445120326,-,-,-,-,-,-,
0445120327,-,-,-,-,-,-,
0445120328,-,-,-,-,-,-,
0445120329,-,-,-,-,-,-,
0445120330,-,-,-,-,-,-,
0445120331,-,-,-,-,-,-,
0445120332,-,-,-,-,-,-,
0445120333,-,-,-,-,-,-,
0445120334,-,-,-,-,-,-,
0445120336,-,-,-,-,-,-,
0445120340,-,-,-,-,-,-,
0445120341,-,-,-,-,-,-,
0445120342,-,-,-,-,-,-,
0445120343,-,-,-,-,-,-,
0445120344,-,-,-,-,-,-,
0445120345,-,-,-,-,-,-,
0445120346,-,-,-,-,-,-,
0445120347,-,-,-,-,-,-,
0445120348,-,-,-,-,-,-,
0445120351,-,-,-,-,-,-,
0445120352,-,-,-,-,-,-,
0445120353,-,-,-,-,-,-,
0445120354,-,-,-,-,-,-,
0445120355,-,-,-,-,-,-,
0445120356,-,-,-,-,-,-,
0445120357,-,-,-,-,-,-,
0445120360,-,-,-,-,-,-,
0445120361,-,-,-,-,-,-,
0445120362,-,-,-,-,-,-,
0445120364,-,-,-,-,-,-,
0445120366,-,-,-,-,-,-,
0445120367,-,-,-,-,-,-,
0445120368,-,-,-,-,-,-,
0445120369,-,-,-,-,-,-,
0445120370,-,-,-,-,-,-,
0445120371,-,-,-,-,-,-,
0445120372,-,-,-,-,-,-,
0445120373,-,-,-,-,-,-,
0445120376,-,-,-,-,-,-,
0445120377,-,-,-,-,-,-,
0445120378,-,-,-,-,-,-,
0445120379,-,-,-,-,-,-,
0445120380,-,-,-,-,-,-,
0445120381,-,-,-,-,-,-,
0445120382,-,-,-,-,-,-,
0445120383,-,-,-,-,-,-,
0445120384,-,-,-,-,-,-,
0445120387,-,-,-,-,-,-,
0445120389,-,-,-,-,-,-,
0445120391,-,-,-,-,-,-,
0445120392,-,-,-,-,-,-,
0445120393,-,-,-,-,-,-,
0445120394,-,-,-,-,-,-,
0445120395,-,-,-,-,-,-,
0445120396,-,-,-,-,-,-,
0445120397,-,-,-,-,-,-,
0445120398,-,-,-,-,-,-,
0445120399,-,-,-,-,-,-,
0445120400,-,-,-,-,-,-,
0445120402,-,-,-,-,-,-,
0445120403,-,-,-,-,-,-,
0445120404,-,-,-,-,-,-,
0445120410,-,-,-,-,-,-,
0445120414,-,-,-,-,-,-,
0445120416,-,-,-,-,-,-,
0445120417,-,-,-,-,-,-,
0445120419,-,-,-,-,-,-,
0445120420,-,-,-,-,-,-,
0445120424,-,-,-,-,-,-,
0445120439,-,-,-,-,-,-,
0445120450,-,-,-,-,-,-,
0445120455,-,-,-,-,-,-,
0445120457,-,-,-,-,-,-,
0445120458,-,-,-,-,-,-,
0445120461,-,-,-,-,-,-,
0445120500,-,-,-,-,-,-,
0445124001,-,-,-,-,-,-,
0445124006,-,-,-,-,-,-,
0445124007,-,-,-,-,-,-,
0445124009,-,-,-,-,-,-,
0445124014,-,-,-,-,-,-,
0445124015,-,-,-,-,-,-,
0445124021,-,-,-,-,-,-,
0445124022,-,-,-,-,-,-,
0445124023,-,-,-,-,-,-,
0445124025,-,-,-,-,-,-,
0445124027,-,-,-,-,-,-,
0445124035,-,-,-,-,-,-,
0445124036,-,-,-,-,-,-,
0445124041,-,-,-,-,-,-,
0445124042,-,-,-,-,-,-,
0986435000,-,-,-,-,-,-,
0986435001,-,-,-,-,-,-,
0986435002,-,-,-,-,-,-,
0986435003,-,-,-,-,-,-,
0986435004,-,-,-,-,-,-,
0986435005,-,-,-,-,-,-,
0986435006,-,-,-,-,-,-,
0986435007,-,-,-,-,-,-,
0986435008,-,-,-,-,-,-,
0986435009,-,-,-,-,-,-,
0986435010,-,-,-,-,-,-,
0986435011,-,-,-,-,-,-,
0986435012,-,-,-,-,-,-,
0986435013,-,-,-,-,-,-,
0986435014,-,-,-,-,-,-,
0986435015,-,-,-,-,-,-,
0986435016,-,-,-,-,-,-,
0986435017,-,-,-,-,-,-,
0986435018,-,-,-,-,-,-,
0986435019,-,-,-,-,-,-,
0986435020,-,-,-,-,-,-,
0986435021,-,-,-,-,-,-,
0986435022,-,-,-,-,-,-,
0986435024,-,-,-,-,-,-,
0986435025,-,-,-,-,-,-,
0986435026,-,-,-,-,-,-,
0986435027,-,-,-,-,-,-,
0986435028,-,-,-,-,-,-,
0986435029,-,-,-,-,-,-,
0986435030,-,-,-,-,-,-,
0986435031,-,-,-,-,-,-,
0986435032,-,-,-,-,-,-,
0986435033,-,-,-,-,-,-,
0986435034,-,-,-,-,-,-,
0986435035,-,-,-,-,-,-,
0986435036,-,-,-,-,-,-,
0986435037,-,-,-,-,-,-,
0986435038,-,-,-,-,-,-,
0986435039,-,-,-,-,-,-,
0986435040,-,-,-,-,-,-,
0986435041,-,-,-,-,-,-,
0986435042,-,-,-,-,-,-,
0986435043,-,-,-,-,-,-,
0986435044,-,-,-,-,-,-,
0986435045,-,-,-,-,-,-,
0986435046,-,-,-,-,-,-,
0986435047,-,-,-,-,-,-,
0986435048,-,-,-,-,-,-,
0986435049,-,-,-,-,-,-,
0986435050,-,-,-,-,-,-,
0986435051,-,-,-,-,-,-,
0986435052,-,-,-,-,-,-,
0986435053,-,-,-,-,-,-,
0986435054,-,-,-,-,-,-,
0986435055,-,-,-,-,-,-,
0986435056,-,-,-,-,-,-,
0986435057,-,-,-,-,-,-,
0986435058,-,-,-,-,-,-,
0986435059,-,-,-,-,-,-,
0986435060,-,-,-,-,-,-,
0986435061,-,-,-,-,-,-,
0986435062,-,-,-,-,-,-,
0986435063,-,-,-,-,-,-,
0986435064,-,-,-,-,-,-,
0986435065,-,-,-,-,-,-,
0986435066,-,-,-,-,-,-,
0986435067,-,-,-,-,-,-,
0986435068,-,-,-,-,-,-,
0986435069,-,-,-,-,-,-,
0986435070,-,-,-,-,-,-,
0986435071,-,-,-,-,-,-,
0986435072,-,-,-,-,-,-,
0986435073,-,-,-,-,-,-,
0986435075,-,-,-,-,-,-,
0986435076,-,-,-,-,-,-,
0986435077,-,-,-,-,-,-,
0986435078,-,-,-,-,-,-,
0986435079,-,-,-,-,-,-,
0986435080,-,-,-,-,-,-,
0986435081,-,-,-,-,-,-,
0986435082,-,-,-,-,-,-,
0986435083,-,-,-,-,-,-,
0986435084,-,-,-,-,-,-,
0986435085,-,-,-,-,-,-,
0986435086,-,-,-,-,-,-,
0986435087,-,-,-,-,-,-,
0986435088,-,-,-,-,-,-,
0986435089,-,-,-,-,-,-,
0986435090,-,-,-,-,-,-,
0986435091,-,-,-,-,-,-,
0986435092,-,-,-,-,-,-,
0986435093,-,-,-,-,-,-,
0986435094,-,-,-,-,-,-,
0986435095,-,-,-,-,-,-,
0986435096,-,-,-,-,-,-,
0986435097,-,-,-,-,-,-,
0986435098,-,-,-,-,-,-,
0986435099,-,-,-,-,-,-,
0986435100,-,-,-,-,-,-,
0986435101,-,-,-,-,-,-,
0986435102,-,-,-,-,-,-,
0986435103,-,-,-,-,-,-,
0986435104,-,-,-,-,-,-,
0986435105,-,-,-,-,-,-,
0986435106,-,-,-,-,-,-,
0986435107,-,-,-,-,-,-,
0986435108,-,-,-,-,-,-,
0986435109,-,-,-,-,-,-,
0986435110,-,-,-,-,-,-,
0986435111,-,-,-,-,-,-,
0986435112,-,-,-,-,-,-,
0986435113,-,-,-,-,-,-,
0986435114,-,-,-,-,-,-,
0986435115,-,-,-,-,-,-,
0986435116,-,-,-,-,-,-,
0986435117,-,-,-,-,-,-,
0986435118,-,-,-,-,-,-,
0986435119,-,-,-,-,-,-,
0986435120,-,-,-,-,-,-,
0986435121,-,-,-,-,-,-,
0986435122,-,-,-,-,-,-,
0986435123,-,-,-,-,-,-,
0986435124,-,-,-,-,-,-,
0986435125,-,-,-,-,-,-,
0986435126,-,-,-,-,-,-,
0986435127,-,-,-,-,-,-,
0986435128,-,-,-,-,-,-,
0986435129,-,-,-,-,-,-,
0986435130,-,-,-,-,-,-,
0986435131,-,-,-,-,-,-,
0986435132,-,-,-,-,-,-,
0986435133,-,-,-,-,-,-,
0986435134,-,-,-,-,-,-,
0986435135,-,-,-,-,-,-,
0986435136,-,-,-,-,-,-,
0986435139,-,-,-,-,-,-,
0986435140,-,-,-,-,-,-,
0986435143,-,-,-,-,-,-,
0986435144,-,-,-,-,-,-,
0986435145,-,-,-,-,-,-,
0986435146,-,-,-,-,-,-,
0986435147,-,-,-,-,-,-,
0986435148,-,-,-,-,-,-,
0986435149,-,-,-,-,-,-,
0986435150,-,-,-,-,-,-,
0986435151,-,-,-,-,-,-,
0986435152,-,-,-,-,-,-,
0986435153,-,-,-,-,-,-,
0986435154,-,-,-,-,-,-,
0986435155,-,-,-,-,-,-,
0986435156,-,-,-,-,-,-,
0986435157,-,-,-,-,-,-,
0986435158,-,-,-,-,-,-,
0986435159,-,-,-,-,-,-,
0986435160,-,-,-,-,-,-,
0986435161,-,-,-,-,-,-,
0986435162,-,-,-,-,-,-,
0986435163,-,-,-,-,-,-,
0986435164,-,-,-,-,-,-,
0986435165,-,-,-,-,-,-,
0986435166,-,-,-,-,-,-,
0986435167,-,-,-,-,-,-,
0986435168,-,-,-,-,-,-,
0986435169,-,-,-,-,-,-,
0986435170,-,-,-,-,-,-,
0986435171,-,-,-,-,-,-,
0986435172,-,-,-,-,-,-,
0986435173,-,-,-,-,-,-,
0986435174,-,-,-,-,-,-,
0986435175,-,-,-,-,-,-,
0986435176,-,-,-,-,-,-,
0986435177,-,-,-,-,-,-,
0986435178,-,-,-,-,-,-,
0986435179,-,-,-,-,-,-,
0986435180,-,-,-,-,-,-,
0986435181,-,-,-,-,-,-,
0986435182,-,-,-,-,-,-,
0986435183,-,-,-,-,-,-,
0986435184,-,-,-,-,-,-,
0986435185,-,-,-,-,-,-,
0986435186,-,-,-,-,-,-,
0986435187,-,-,-,-,-,-,
0986435188,-,-,-,-,-,-,
0986435189,-,-,-,-,-,-,
0986435191,-,-,-,-,-,-,
0986435192,-,-,-,-,-,-,
0986435193,-,-,-,-,-,-,
0986435194,-,-,-,-,-,-,
0986435195,-,-,-,-,-,-,
0986435196,-,-,-,-,-,-,
0986435197,-,-,-,-,-,-,
0986435198,-,-,-,-,-,-,
0986435199,-,-,-,-,-,-,
0986435200,-,-,-,-,-,-,
0986435201,-,-,-,-,-,-,
0986435202,-,-,-,-,-,-,
0986435203,-,-,-,-,-,-,
0986435204,-,-,-,-,-,-,
0986435205,-,-,-,-,-,-,
0986435206,-,-,-,-,-,-,
0986435207,-,-,-,-,-,-,
0986435208,-,-,-,-,-,-,
0986435209,-,-,-,-,-,-,
0986435210,-,-,-,-,-,-,
0986435211,-,-,-,-,-,-,
0986435212,-,-,-,-,-,-,
0986435213,-,-,-,-,-,-,
0986435214,-,-,-,-,-,-,
0986435215,-,-,-,-,-,-,
0986435216,-,-,-,-,-,-,
0986435217,-,-,-,-,-,-,
0986435218,-,-,-,-,-,-,
0986435219,-,-,-,-,-,-,
0986435220,-,-,-,-,-,-,
0986435221,-,-,-,-,-,-,
0986435222,-,-,-,-,-,-,
0986435223,-,-,-,-,-,-,
0986435224,-,-,-,-,-,-,
0986435225,-,-,-,-,-,-,
0986435227,-,-,-,-,-,-,
0986435228,-,-,-,-,-,-,
0986435230,-,-,-,-,-,-,
0986435231,-,-,-,-,-,-,
0986435232,-,-,-,-,-,-,
0986435233,-,-,-,-,-,-,
0986435234,-,-,-,-,-,-,
0986435235,-,-,-,-,-,-,
0986435236,-,-,-,-,-,-,
0986435237,-,-,-,-,-,-,
0986435238,-,-,-,-,-,-,
0986435239,-,-,-,-,-,-,
0986435240,-,-,-,-,-,-,
0986435243,-,-,-,-,-,-,
0986435244,-,-,-,-,-,-,
0986435245,-,-,-,-,-,-,
0986435247,-,-,-,-,-,-,
0986435248,-,-,-,-,-,-,
0986435249,-,-,-,-,-,-,
0986435252,-,-,-,-,-,-,
0986435254,-,-,-,-,-,-,
0986435263,-,-,-,-,-,-,
0986435265,-,-,-,-,-,-,
0986435277,-,-,-,-,-,-,
0986435278,-,-,-,-,-,-,
0986435280,-,-,-,-,-,-,
0986435350,-,-,-,-,-,-,
0986435351,-,-,-,-,-,-,
0986435352,-,-,-,-,-,-,
0986435353,-,-,-,-,-,-,
0986435354,-,-,-,-,-,-,
0986435355,-,-,-,-,-,-,
0986435356,-,-,-,-,-,-,
0986435357,-,-,-,-,-,-,
0986435358,-,-,-,-,-,-,
0986435359,-,-,-,-,-,-,
0986435360,-,-,-,-,-,-,
0986435361,-,-,-,-,-,-,
0986435362,-,-,-,-,-,-,
0986435363,-,-,-,-,-,-,
0986435364,-,-,-,-,-,-,
0986435365,-,-,-,-,-,-,
0986435366,-,-,-,-,-,-,
0986435367,-,-,-,-,-,-,
0986435368,-,-,-,-,-,-,
0986435369,-,-,-,-,-,-,
0986435370,-,-,-,-,-,-,
0986435371,-,-,-,-,-,-,
0986435372,-,-,-,-,-,-,
0986435373,-,-,-,-,-,-,
0986435374,-,-,-,-,-,-,
0986435375,-,-,-,-,-,-,
0986435376,-,-,-,-,-,-,
0986435377,-,-,-,-,-,-,
0986435378,-,-,-,-,-,-,
0986435379,-,-,-,-,-,-,
0986435380,-,-,-,-,-,-,
0986435381,-,-,-,-,-,-,
0986435382,-,-,-,-,-,-,
0986435383,-,-,-,-,-,-,
0986435384,-,-,-,-,-,-,
0986435385,-,-,-,-,-,-,
0986435388,-,-,-,-,-,-,
0986435389,-,-,-,-,-,-,
0986435390,-,-,-,-,-,-,
0986435391,-,-,-,-,-,-,
0986435392,-,-,-,-,-,-,
0986435393,-,-,-,-,-,-,
0986435394,-,-,-,-,-,-,
0986435395,-,-,-,-,-,-,
0986435396,-,-,-,-,-,-,
0986435397,-,-,-,-,-,-,
0986435398,-,-,-,-,-,-,
0986435399,-,-,-,-,-,-,
0986435400,-,-,-,-,-,-,
0986435401,-,-,-,-,-,-,
0986435402,-,-,-,-,-,-,
0986435403,-,-,-,-,-,-,
0986435404,-,-,-,-,-,-,
0986435405,-,-,-,-,-,-,
0986435406,-,-,-,-,-,-,
0986435407,-,-,-,-,-,-,
0986435408,-,-,-,-,-,-,
0986435409,-,-,-,-,-,-,
0986435410,-,-,-,-,-,-,
0986435411,-,-,-,-,-,-,
0986435412,-,-,-,-,-,-,
0986435413,-,-,-,-,-,-,
0986435414,-,-,-,-,-,-,
0986435415,-,-,-,-,-,-,
0986435417,-,-,-,-,-,-,
0986435418,-,-,-,-,-,-,
0986435419,-,-,-,-,-,-,
0986435420,-,-,-,-,-,-,
0986435421,-,-,-,-,-,-,
0986435422,-,-,-,-,-,-,
0986435423,-,-,-,-,-,-,
0986435424,-,-,-,-,-,-,
0986435425,-,-,-,-,-,-,
0986435426,-,-,-,-,-,-,
0986435428,-,-,-,-,-,-,
0986435429,-,-,-,-,-,-,
0986435430,-,-,-,-,-,-,
0986435432,-,-,-,-,-,-,
0986435435,-,-,-,-,-,-,
0986435437,-,-,-,-,-,-,
0986435438,-,-,-,-,-,-,
0986435439,-,-,-,-,-,-,
0986435443,-,-,-,-,-,-,
0986435444,-,-,-,-,-,-,
0986435449,-,-,-,-,-,-,
0986435501,-,-,-,-,-,-,
0986435502,-,-,-,-,-,-,
0986435503,-,-,-,-,-,-,
0986435504,-,-,-,-,-,-,
0986435505,-,-,-,-,-,-,
0986435506,-,-,-,-,-,-,
0986435507,-,-,-,-,-,-,
0986435508,-,-,-,-,-,-,
0986435509,-,-,-,-,-,-,
0986435510,-,-,-,-,-,-,
0986435511,-,-,-,-,-,-,
0986435512,-,-,-,-,-,-,
0986435513,-,-,-,-,-,-,
0986435514,-,-,-,-,-,-,
0986435515,-,-,-,-,-,-,
0986435516,-,-,-,-,-,-,
0986435517,-,-,-,-,-,-,
0986435518,-,-,-,-,-,-,
0986435519,-,-,-,-,-,-,
0986435520,-,-,-,-,-,-,
0986435521,-,-,-,-,-,-,
0986435522,-,-,-,-,-,-,
0986435523,-,-,-,-,-,-,
0986435524,-,-,-,-,-,-,
0986435525,-,-,-,-,-,-,
0986435526,-,-,-,-,-,-,
0986435527,-,-,-,-,-,-,
0986435528,-,-,-,-,-,-,
0986435529,-,-,-,-,-,-,
0986435530,-,-,-,-,-,-,
0986435531,-,-,-,-,-,-,
0986435532,-,-,-,-,-,-,
0986435533,-,-,-,-,-,-,
0986435534,-,-,-,-,-,-,
0986435535,-,-,-,-,-,-,
0986435536,-,-,-,-,-,-,
0986435541,-,-,-,-,-,-,
0986435542,-,-,-,-,-,-,
0986435543,-,-,-,-,-,-,
0986435544,-,-,-,-,-,-,
0986435545,-,-,-,-,-,-,
0986435546,-,-,-,-,-,-,
0986435547,-,-,-,-,-,-,
0986435548,-,-,-,-,-,-,
0986435549,-,-,-,-,-,-,
0986435550,-,-,-,-,-,-,
0986435551,-,-,-,-,-,-,
0986435552,-,-,-,-,-,-,
0986435553,-,-,-,-,-,-,
0986435554,-,-,-,-,-,-,
0986435555,-,-,-,-,-,-,
0986435556,-,-,-,-,-,-,
0986435557,-,-,-,-,-,-,
0986435558,-,-,-,-,-,-,
0986435559,-,-,-,-,-,-,
0986435560,-,-,-,-,-,-,
0986435561,-,-,-,-,-,-,
0986435562,-,-,-,-,-,-,
0986435563,-,-,-,-,-,-,
0986435564,-,-,-,-,-,-,
0986435565,-,-,-,-,-,-,
0986435566,-,-,-,-,-,-,
0986435567,-,-,-,-,-,-,
0986435568,-,-,-,-,-,-,
0986435569,-,-,-,-,-,-,
0986435570,-,-,-,-,-,-,
0986435571,-,-,-,-,-,-,
0986435572,-,-,-,-,-,-,
0986435573,-,-,-,-,-,-,
0986435574,-,-,-,-,-,-,
0986435575,-,-,-,-,-,-,
0986435576,-,-,-,-,-,-,
0986435579,-,-,-,-,-,-,
0986435580,-,-,-,-,-,-,
0986435581,-,-,-,-,-,-,
0986435582,-,-,-,-,-,-,
0986435583,-,-,-,-,-,-,
0986435584,-,-,-,-,-,-,
0986435585,-,-,-,-,-,-,
0986435586,-,-,-,-,-,-,
0986435587,-,-,-,-,-,-,
0986435588,-,-,-,-,-,-,
0986435589,-,-,-,-,-,-,
0986435591,-,-,-,-,-,-,
0986435593,-,-,-,-,-,-,
0986435596,-,-,-,-,-,-,
0986435597,-,-,-,-,-,-,
0986435599,-,-,-,-,-,-,
0986435600,-,-,-,-,-,-,
0986435617,-,-,-,-,-,-,
0986435621,-,-,-,-,-,-,
0986435625,-,-,-,-,-,-,
0986435626,-,-,-,-,-,-,
0986435628,-,-,-,-,-,-,
0986435629,-,-,-,-,-,-,
0986435630,-,-,-,-,-,-,
0986435634,-,-,-,-,-,-,
0986435643,-,-,-,-,-,-,
0986435644,-,-,-,-,-,-,
0986435645,-,-,-,-,-,-,
0986435650,-,-,-,-,-,-,
0986435651,-,-,-,-,-,-,
0986435655,-,-,-,-,-,-,
0986435999,-,-,-,-,-,-,
0986AD1001,-,-,-,-,-,-,
0986AD1002,-,-,-,-,-,-,
0986AD1003,-,-,-,-,-,-,
0986AD1004,-,-,-,-,-,-,
0986AD1005,-,-,-,-,-,-,
0986AD1006,-,-,-,-,-,-,
0986AD1007,-,-,-,-,-,-,
0986AD1008,-,-,-,-,-,-,
0986AD1009,-,-,-,-,-,-,
0986AD1010,-,-,-,-,-,-,
0986AD1011,-,-,-,-,-,-,
0986AD1012,-,-,-,-,-,-,
0986AD1013,-,-,-,-,-,-,
0986AD1014,-,-,-,-,-,-,
0986AD1015,-,-,-,-,-,-,
0986AD1016,-,-,-,-,-,-,
0986AD1017,-,-,-,-,-,-,
0986AD1018,-,-,-,-,-,-,
0986AD1019,-,-,-,-,-,-,
0986AD1020,-,-,-,-,-,-,
0986AD1021,-,-,-,-,-,-,
0986AD1022,-,-,-,-,-,-,
0986AD1023,-,-,-,-,-,-,
0986AD1032,-,-,-,-,-,-,
0986AD1036,-,-,-,-,-,-,
0986AD1037,-,-,-,-,-,-,
0986AD1038,-,-,-,-,-,-,
0986AD1039,-,-,-,-,-,-,
0986AD1040,-,-,-,-,-,-,
0986AD1041,-,-,-,-,-,-,
0986AD1044,-,-,-,-,-,-,
0986AD1047,-,-,-,-,-,-,
0986AD1048,-,-,-,-,-,-,
0986AD1049,-,-,-,-,-,-,
0986AD1051,-,-,-,-,-,-,
0986AD1052,-,-,-,-,-,-,
