id,code1,description,code2
1,095000-015,Toyota Avensis 1CD-FTV 1999/10,23670-27010
2,095000-036,Opel Signum 6DE1 3.0L V6 2001/10,8-97239161-7
3,095000-036,Opel Signum 6DE1 3.0L V6 2001/10,8-97239161-7
4,095000-036,Opel Vectra 6DE1 3.0L V6 2001/10,8-97239161-7
5,095000-036,Opel Vectra 6DE1 3.0L V6 2001/10,8-97239161-7
6,095000-036,Renault Espace 6DE1 3.0L V6 2001/10,8-97239161-7
7,095000-036,Renault Espace 6DE1 3.0L V6 2001/10,8-97239161-7
8,095000-036,Renault Vel Satis 6DE1 3.0L V6 2001/10,8-97239161-7
9,095000-036,Renault Vel Satis 6DE1 3.0L V6 2001/10,8-97239161-7
10,095000-036,Saab 9-5 6DE1 3.0L V6 2001/10,8-97239161-7
11,095000-036,Saab 9-5 6DE1 3.0L V6 2001/10,8-97239161-7
12,095000-041,Toyota Avensis 1CD-FTV 1999/10,23670-29015
13,095000-042,Toyota Avensis 1CD-FTV 2000/10,23670-29035
14,095000-042,Toyota Avensis Verso 1CD-FTV 2000/10,23670-29035
15,095000-042,Toyota Previa 1CD-FTV 2000/10,23670-29035
16,095000-042,Toyota RAV4 1CD-FTV 2000/10,23670-29035
17,095000-043,Toyota Corolla 1CD-FTV 2000/08,23670-27020
18,095000-043,Toyota Corolla Verso 1CD-FTV 2000/08,23670-27020
19,095000-051,Nissan X-Trail YD22 2001/09,166008H80
20,095000-051,Nissan X-Trail YD22 2001/09,16600-8H80
21,095000-052,Toyota Land Cruiser 1KD-FTV 120 2002/08,23670-30020
22,095000-052,Toyota Land Cruiser 1KD-FTV 90/95 2000/08,23670-30010
23,095000-052,Toyota Land Cruiser 1KD-FTV 90/95 2000/08,23670-30020
24,095000-053,Toyota Land Cruiser 1KD-FTV 120 2002/08,23670-30020
25,095000-053,Toyota Land Cruiser 1KD-FTV 90 / 95 2000/08,23670-30020
26,095000-054,John Deere 6081T,RE504181
27,095000-055,John Deere 6081T,RE501010
28,095000-057,Toyota Avensis 1CD-FTV 2000/10,23670-27030
29,095000-057,Toyota Avensis Verso 1CD-FTV 2000/10,23670-27030
30,095000-057,Toyota Previa 1CD-FTV 2000/10,23670-27030
31,095000-057,Toyota RAV4 1CD-FTV 2000/10,23670-27030
32,095000-058,Toyota Dyna 200 (Hino) S05C 2001/10,23670-78010
33,095000-058,Toyota Dyna 200 (Hino) S05C 2001/10,23910-1201A
34,095000-058,Toyota Dyna 200 /(Hino) S05C 2001/10,23670-78010
35,095000-058,Toyota Dyna 200 /(Hino) S05C 2001/10,23910-1201A
36,095000-063,Toyota Dyna 2KD-FTV 2001/08,23670-30040
37,095000-063,Toyota Dyna 2KD-FTV 2005/07,23670-30040
38,095000-064,Toyota Corolla 1CD-FTV 2000/08,23670-29025
39,095000-064,Toyota Corolla Verso 1CD-FTV 2000/08,23670-29025
40,095000-074,Toyota Land Cruiser 1KD-FTV 120 2002/08,23670-39025
41,095000-074,Toyota Land Cruiser 1KD-FTV 90/95 2000/08,23670-39015
42,095000-074,Toyota Land Cruiser 1KD-FTV 90/95 2000/08,23670-39025
43,095000-075,Toyota Land Cruiser 1KD-FTV 120 2002/08,23670-39025
44,095000-075,Toyota Land Cruiser 1KD-FTV 90 / 95 2000/08,23670-39025
45,095000-077,Toyota 4Runner 2KD-FTV 2001/08,23670-30030
46,095000-077,Toyota 4Runner 2KD-FTV 2005/07,23670-30030
47,095000-077,Toyota Dyna 2KD-FTV 2001/08,23670-30030
48,095000-077,Toyota Dyna 2KD-FTV 2001/08,23670-30040
49,095000-077,Toyota Dyna 2KD-FTV 2005/07,23670-30030
50,095000-077,Toyota Dyna 2KD-FTV 2005/07,23670-30040
51,095000-077,Toyota Hiace 2KD-FTV 2001/08,23670-30030
52,095000-077,Toyota Hiace 2KD-FTV 2005/07,23670-30030
53,095000-077,Toyota Hilux 2KD-FTV 2001/08,23670-30030
54,095000-077,Toyota Hilux 2KD-FTV 2005/07,23670-30030
55,095000-082,John Deere 6081T,RE508825
56,095000-083,John Deere 6081T,RE508824
57,095000-088,Nissan Primera YD22 2001/12,16600-AU600
58,095000-088,Nissan Primera YD22 2001/12,16600-AU600
59,095000-094,Toyota 4Runner 2KD-FTV 2001/08,23670-39035
60,095000-094,Toyota 4Runner 2KD-FTV 2005/07,23670-39035
61,095000-094,Toyota Dyna 2KD-FTV 2001/08,23670-39035
62,095000-094,Toyota Dyna 2KD-FTV 2001/08,23670-39045
63,095000-094,Toyota Dyna 2KD-FTV 2005/07,23670-39035
64,095000-094,Toyota Dyna 2KD-FTV 2005/07,23670-39045
65,095000-094,Toyota Hiace 2KD-FTV 2001/08,23670-39035
66,095000-094,Toyota Hiace 2KD-FTV 2005/07,23670-39035
67,095000-094,Toyota Hilux 2KD-FTV 2001/08,23670-39035
68,095000-094,Toyota Hilux 2KD-FTV 2005/07,23670-39035
69,095000-095,Toyota Dyna 2KD-FTV 2001/08,23670-39045
70,095000-095,Toyota Dyna 2KD-FTV 2005/07,23670-39045
71,095000-503,Mazda 6 RF-DI 2002/06,RF5C13H50A
72,095000-503,Mazda MPV RF-DI 2002/06,RF5C13H50A
73,095000-505,John Deere Tractor 6045 2002/06,-
74,095000-505,John Deere Tractor 6045 S350 Tier2 2002/06,RE507860
75,095000-507,Nissan Almera (Tino) YD22 100kW 2004/01,16600-AW42
76,095000-507,Nissan Almera (Tino) YD22 100kW 2004/01,16600-AW42
77,095000-507,Nissan Primera YD22 100kW 2004/01,16600-AW42
78,095000-507,Nissan Primera YD22 100kW 2004/01,16600-AW42
79,095000-508,Opel Combo Z17DTH 2003/08,8-97313861
80,095000-508,Opel Combo Z17DTH 2003/08,8-97313861
81,095000-508,Opel Corsa Z17DTH 2003/08,8-97313861
82,095000-508,Opel Corsa Z17DTH 2003/08,8-97313861
83,095000-508,Opel Meriva Z17DTH 2003/08,8-97313861
84,095000-508,Opel Meriva Z17DTH 2003/08,8-97313861
85,095000-512,Replacement  HU095000-755,-
86,095000-513,Nissan Almera (Tino) YD22 100kW 2003/01,16600-AW40
87,095000-513,Nissan Almera (Tino) YD22 100kW 2003/01,16600-AW40
88,095000-513,Nissan Primera YD22 100kW 2003/01,16600-AW40
89,095000-513,Nissan Primera YD22 100kW 2003/01,16600-AW40
90,095000-513,Nissan X-Trail YD22 2003/09,16600-AW40
91,095000-513,Nissan X-Trail YD22 2003/09,16600-AW40
92,095000-513,Nissan X-Trail YD22 Euro3 2005/10,16600-AW40
93,095000-513,Nissan X-Trail YD22 Euro3 2005/10,16600-AW40
94,095000-516,John Deere 6081T,RE518725
95,095000-517,Nissan Almera (Tino) YD22 82kW 2004/01,16600-BN82
96,095000-517,Nissan Almera (Tino) YD22 82kW 2004/01,16600-BN82
97,095000-517,Nissan Primera YD22 82kW 2004/01,16600-BN82
98,095000-517,Nissan Primera YD22 82kW 2004/01,16600-BN82
99,095000-518,Nissan Almera (Tino) YD22 82kW 2003/01,16600-BN80
100,095000-518,Nissan Almera (Tino) YD22 82kW 2003/01,16600-BN80
101,095000-518,Nissan Primera YD22 82kW 2003/01,16600-BN80
102,095000-518,Nissan Primera YD22 82kW 2003/01,16600-BN80
103,095000-519,John Deere 6081T,RE518723
104,095000-526,Toyota Avensis 1CD-FTV 2003/09,23670-27050
105,095000-526,Toyota Corolla 1CD-FTV 2003/09,23670-27050
106,095000-532,Toyota Coaster (HINO) N04C 2006/10,23670-78030
107,095000-532,Toyota Coaster (Hino) N04C 2006/10,23670-78031
108,095000-532,Toyota Coaster (HINO) N04C 2006/10,23670-E0140
109,095000-532,Toyota Coaster (Hino) N04C 2006/10,23670-E0141
110,095000-532,Toyota Dyna 200 (Hino) N04C 2006/10,23670-78030
111,095000-532,Toyota Dyna 200 (Hino) N04C 2006/10,23670-E0140
112,095000-532,Toyota Dyna 200 /(Hino) NO4C 2006/10,23670-78030
113,095000-537,John Deere Tractor 6045 S350 Tier2 2002/06,RE518772
114,095000-542,Replacement  HU095000-758,-
115,095000-543,Isuzu D-Max/Rodeo 4JJ1 3.0L 2007/01,8-97311372
116,095000-543,Isuzu D-Max/Rodeo 4JJ1 3.0L 2007/01,8-97311372
117,095000-544,Replacement 095000-754,-
118,095000-547,Isuzu N-Series 4HK1 5.2 2007/01,8-97329703
119,095000-547,Isuzu N-Series 4HK1 5.2 2007/01,8-97329703
120,095000-547,Isuzu N-Series 4HK1 5.2L 2004/01,8-97329703
121,095000-547,Isuzu N-Series 4HK1 5.2L 2004/01,8-97329703
122,095000-547,Isuzu N-Series 4HK1 5.2L 2004/01,8-97329703-1
123,095000-547,Isuzu N-Series 4JJ1 3.0L 2007/01,8-97329703
124,095000-547,Isuzu N-Series 4JJ1 3.0L 2007/01,8-97329703
125,095000-547,Isuzu N-Series 4JJ1 3.0L 2010/06,8-97329703
126,095000-547,Isuzu N-Series 4JJ1 3.0L 2010/06,8-97329703
127,095000-547,Isuzu N-Series 6HK1 7.8L 2007/01,8-97329703-2
128,095000-547,Isuzu N-Series 6HK1 7.8L 2007/01,8-97329703-2
129,095000-548,John Deere Tractor 6045 S350 Tier2 2002/06,RE520240
130,095000-549,John Deere Tractor 6045 S350 Tier2 2002/06,RE520241
131,095000-551,Isuzu N-Series 6WG1 15.7L 2007/01,8-97603415-2
132,095000-551,Isuzu N-Series 6WG1 15.7L 2007/01,8-97603415-2
133,095000-552,Replacement SM095000-775,-
134,095000-555,Replacement 095000-831,-
135,095000-558,Toyota Avensis 1CD-FTV 2003/09,23670-29045
136,095000-558,Toyota Corolla 1CD-FTV 2003/09,23670-29045
137,095000-560,Mitsubishi L200 4D56 Euro3 2007/03,1465A041
138,095000-560,Mitsubishi L200 4D56 Euro3 2010/01,1465A041
139,095000-560,Mitsubishi L200 4D56 Euro3 2010/06,1465A041
140,095000-560,Mitsubishi L200 4D56 Euro4 2010/01,1465A041
141,095000-560,Mitsubishi L200 4D56 Euro4 2010/06,1465A041
142,095000-561,Replacement HU095000-760,-
143,095000-565,Nissan Navara YD25 Euro3 2005/07,16600-EB30#
144,095000-565,Nissan Navara YD25 Euro3 2005/07,16600-EB30#
145,095000-565,Nissan Pathfinder YD25 Euro3 2005/03,16600-EB30#
146,095000-565,Nissan Pathfinder YD25 Euro3 2005/03,16600-EB30#
147,095000-574,Replacement 095000-772#,-
148,095000-575,Isuzu D-Max/Rodeo 4JK1 2.5L 2007/01,8-97354811-#
149,095000-575,Isuzu D-Max/Rodeo 4JK1 2.5L 2007/01,8-97354811-#
150,095000-576,Mitsubishi Pajero/Montero 4M41 Euro3 2007/03,1465A054
151,095000-576,Mitsubishi Pajero/Montero 4M41 Euro3 2010/01,1465A054
152,095000-576,Mitsubishi Pajero/Montero 4M41 Euro3 2010/06,1465A054
153,095000-576,Mitsubishi Pajero/Montero 4M41 Euro4 2006/12,1465A054
154,095000-576,Mitsubishi Pajero/Montero 4M41 Euro4 2010/06,1465A054
155,095000-578,Mazda 3 RF-DI 2005/06,RF7J13H50
156,095000-578,Mazda 5 RF-DI 2005/06,RF7J13H50
157,095000-578,Mazda 6 RF-DI 2005/06,RF7J13H50
158,095000-580,Citroën Jumper PUMA (I4) 2.2L (HDI) 2006/01,6C1Q-9K546-AC
159,095000-580,Citroën Jumper PUMA (I4) 2.2L (HDI) 2007/02,6C1Q-9K546-AC
160,095000-580,Fiat Ducato PUMA (I4) 2.2L (JTD) 2006/01,6C1Q-9K546-AC
161,095000-580,Fiat Ducato PUMA (I4) 2.2L (JTD) 2007/02,6C1Q-9K546-AC
162,095000-580,Ford Transit PUMA (I4) 2.2L (TDCi) 2006/01,6C1Q-9K546-AC
163,095000-580,Ford Transit PUMA (I4) 2.2L (TDCi) 2007/02,6C1Q-9K546-AC
164,095000-580,Peugeot Boxer PUMA (I4) 2.2L (HDI) 2006/01,6C1Q-9K546-AC
165,095000-580,Peugeot Boxer PUMA (I4) 2.2L (HDI) 2006/01,6C1Q-9K546-AC
166,095000-580,Peugeot Boxer PUMA (I4) 2.2L (HDI) 2007/02,6C1Q-9K546-AC
167,095000-580,Peugeot Boxer PUMA (I4) 2.2L (HDI) 2007/02,6C1Q-9K546-AC
168,095000-581,Ford Transit PUMA (I4) 2.4L (TDCi) 2006/01,6C1Q-9K546-BB
169,095000-581,Ford Transit PUMA (I4) 2.4L (TDCi) 2006/01,6C1Q-9K546-BB
170,095000-583,Opel Signum 6DE1 3.0L V6 2004/08,8-97353080-0
171,095000-583,Opel Signum 6DE1 3.0L V6 2004/08,8-97353080-0
172,095000-583,Opel Vectra 6DE1 3.0L V6 2004/08,8-97353080-0
173,095000-583,Opel Vectra 6DE1 3.0L V6 2004/08,8-97353080-0
174,095000-583,Opel Vectra 6DE2 3.0L V7 2004/08,8-97353080-0
175,095000-583,Renault Espace 6DE1 3.0L V6 2004/08,8-97353080-0
176,095000-583,Renault Espace 6DE1 3.0L V6 2004/08,8-97353080-0
177,095000-583,Renault Vel Satis 6DE1 3.0L V6 2004/08,8-97353080-0
178,095000-583,Renault Vel Satis 6DE1 3.0L V6 2004/08,8-97353080-0
179,095000-583,Saab 9-5 6DE1 3.0L V6 2004/08,8-97353080-0
180,095000-583,Saab 9-5 6DE1 3.0L V6 2004/08,8-97353080-0
181,095000-583,Saab 9-6 6DE2 3.0L V7 2004/08,8-97353080-0
182,095000-587,Mazda 6 RF-DI 2005/02,RF5C13H50B
183,095000-587,Mazda MPV RF-DI 2005/02,RF5C13H50B
184,095000-589,Replacement 095000-773,-
185,095000-591,Land Rover Defender PUMA (I4) 2.4 TD 2006/01,6C1Q-9K546-BB
186,095000-591,Land Rover Defender PUMA (I4) 2.4 TD 2006/01,6C1Q-9K546-BB
187,095000-592,Replacement 095000-778,-
188,095000-593,Replacement SM095000-776,-
189,095000-5971,Toyota Dyna 200 (Hino) E13C Hino,23670-E0360-A
190,095000-602,Nissan X-Trail YD22 Euro4 2006/02,16600-ES60
191,095000-602,Nissan X-Trail YD22 Euro4 2006/02,16600-ES60
192,095000-604,Replacement  HU095000-763,-
193,095000-610,Isuzu D-Max/Rodeo 4JJ1 3.0L 2007/01,8-98011604-0
194,095000-610,Isuzu D-Max/Rodeo 4JJ1 3.0L 2007/01,8-98011604-0
195,095000-610,Replacement 970950-0610,-
196,095000-611,Replacement HU095000-761,-
197,095000-613,Opel Astra A17DT Euro5 2009/06,8-97376270
198,095000-613,Opel Astra A17DT Euro5 2009/06,8-97376270
199,095000-613,Opel Astra Z17DTJ Z17DTR Euro4 2007/01,8-97376270
200,095000-613,Opel Astra Z17DTJ Z17DTR Euro4 2007/01,8-97376270
201,095000-613,Opel Astra Z17DTJ Z17DTR Euro4 2008/04,8-97376270
202,095000-613,Opel Astra Z17DTJ Z17DTR Euro4 2008/04,8-97376270
203,095000-613,Opel Astra Z17DTJ Z17DTR Euro4 2009/01,8-97376270
204,095000-613,Opel Astra Z17DTJ Z17DTR Euro4 2009/01,8-97376270
205,095000-613,Opel Corsa A17DT Euro5 2009/06,8-97376270
206,095000-613,Opel Corsa A17DT Euro5 2009/06,8-97376270
207,095000-613,Opel Corsa Z17DTR Euro4 2007/01,8-97376270
208,095000-613,Opel Corsa Z17DTR Euro4 2007/01,8-97376270
209,095000-613,Opel Corsa Z17DTR Euro4 2008/04,8-97376270
210,095000-613,Opel Corsa Z17DTR Euro4 2008/04,8-97376270
211,095000-613,Opel Meriva A17DT Euro5 2009/06,8-97376270
212,095000-613,Opel Meriva A17DT Euro5 2009/06,8-97376270
213,095000-613,Opel Meriva Z17DT Euro4 2007/01,8-97376270
214,095000-613,Opel Meriva Z17DT Euro4 2007/01,8-97376270
215,095000-613,Opel Meriva Z17DT Euro4 2008/04,8-97376270
216,095000-613,Opel Meriva Z17DT Euro4 2008/04,8-97376270
217,095000-613,Opel Zafira A17DT Euro5 2009/06,8-97376270
218,095000-613,Opel Zafira A17DT Euro5 2009/06,8-97376270
219,095000-613,Opel Zafira Z17DTJ Euro4 2007/01,8-97376270
220,095000-613,Opel Zafira Z17DTJ Euro4 2007/01,8-97376270
221,095000-613,Opel Zafira Z17DTJ Euro4 2008/04,8-97376270
222,095000-613,Opel Zafira Z17DTJ Euro4 2008/04,8-97376270
223,095000-613,Opel Zafira Z17DTJ Z17DTR Euro4 2009/01,8-97376270
224,095000-613,Opel Zafira Z17DTJ Z17DTR Euro4 2009/01,8-97376270
225,095000-615,Toyota Avensis 1CD-FTV 2005/05,23670-27051
226,095000-615,Toyota Corolla 1CD-FTV 2005/05,23670-27051
227,095000-617,Isuzu D-Max/Rodeo 4JK1 2.5L 2007/01,8-98011605-0
228,095000-617,Isuzu D-Max/Rodeo 4JK1 2.5L 2007/01,8-98011605-0
229,095000-619,Toyota Hiace 2KD-FTV 2005/08,23670-30100
230,095000-619,Toyota Hilux 2KD-FTV 2005/08,23670-30100
231,095000-620,Toyota Avensis 1CD-FTV 2005/05,23670-29065
232,095000-620,Toyota Corolla 1CD-FTV 2005/05,23670-27051
233,095000-620,Toyota Corolla 1CD-FTV 2005/05,23670-29065
234,095000-623,Replacement HU095000-764,-
235,095000-624,Nissan Cabstar YD25 Euro4 2006/10,16600-MB40
236,095000-624,Nissan Cabstar YD25 Euro4 2006/10,16600-MB40
237,095000-625,Nissan Navara YD25 Euro4 2006/10,16600-EC00
238,095000-625,Nissan Navara YD25 Euro4 2006/10,16600-EC00
239,095000-625,Nissan Pathfinder YD25 Euro4 2006/10,16600-EC00
240,095000-625,Nissan Pathfinder YD25 Euro4 2006/10,16600-EC00
241,095000-627,Isuzu N-Series 6UZ1 14.3L 2007/01,8-97610254-0
242,095000-627,Isuzu N-Series 6UZ1 14.3L 2007/01,8-97610254-0
243,095000-630,Isuzu N-Series 6WA1 15.7 2007/01,1-15300436-0
244,095000-630,Isuzu N-Series 6WA1 15.7 2007/01,1-15300436-0
245,095000-630,Isuzu N-Series 6WA1 15.7L 2007/01,1-15300436-0
246,095000-630,Isuzu N-Series 6WA1 15.7L 2007/01,1-15300436-0
247,095000-631,John Deere Tractor 4045T 6068T S350 Tier3 (4 cil.) 2005/12,RE530362
248,095000-632,John Deere Tractor 4045T 6068T S350 Tier3 (4 cil.) 2005/12,RE530361
249,095000-634,Hino J08E-TM 2005/09,239101430
250,095000-634,Hino J08E-TM 2005/09,23910-1430
251,095000-636,Isuzu Foward 4HK1 5.2L 2004/01,8-97609788-3
252,095000-636,Isuzu Foward 4HK1 5.2L 2004/01,-
253,095000-636,Replacement 9709500-636,-
254,095000-641,Replacement HU095000-766,-
255,095000-647,John Deere Tractor S450 2006/02,RE529151
256,095000-648,John Deere Tractor S450 2006/02,RE529149
257,095000-648,John Deere Tractor S450 2006/02,RE529150
258,095000-649,Replacement HU095000-880,-
259,095000-650,Replacement HU095000-872,-
260,095000-651,Toyota Dyna 200 (Hino) N04C Euro4 2006/09,23670-79016
261,095000-651,Toyota Dyna 200 (Hino) N04C Euro4 2006/09,23670-E0081
262,095000-651,Toyota Dyna 200 /(Hino) NO4C 2006/09,23670-79015
263,095000-651,Toyota Dyna 200 /(Hino) NO4C 2006/09,23670-E0080
264,095000-652,Toyota Dyna 200 (Hino) N04C Euro3 2006/09,23670-79026
265,095000-652,Toyota Dyna 200 (Hino) N04C Euro3 2006/09,23670-E0091
266,095000-653,John Deere Tractor 4045T 6068T S350 Tier3 (4 cil.) 2005/12,RE529475
267,095000-659,Hino J08E-TM 2011/01,23670-E0010
268,095000-659,Hino J08E-TM 2011/01,23670-E0010
269,095000-662,Ford Transit PUMA (I5) 3.2L (TDCi) 2008/01,7C16-9K546-AB
270,095000-662,Ford Transit PUMA (I5) 3.2L (TDCi) 2008/01,7C16-9K546-AB
271,095000-668,Replacement HU095000-768,-
272,095000-671,Replacement 095000-781,-
273,095000-672,Replacement 095000-783,-
274,095000-673,Replacement 095000-770,-
275,095000-676,Toyota Hilux 1KD-FTV Euro4 2006/10,23670-30140
276,095000-676,Toyota Hilux 1KD-FTV Euro4 2007/06,23670-30140
277,095000-676,Toyota Hilux 2KD-FTV Euro4 2007/06,23670-30140
278,095000-676,Replacement 095000-754,-
279,095000-677,Replacement 095000-779,-
280,095000-687,Replacement 095000-773,-
281,095000-688,Replacement HU095000-881,-
282,095000-689,Replacement HU095000-758,-
283,095000-690,Replacement HU095000-761,-
284,095000-691,Replacement HU095000-764,-
285,095000-696,Replacement HU095000-767,-
286,095000-697,Replacement HU095000-769,-
287,095000-698,Isuzu D-Max/Rodeo 4JJ1 3.0L 2009/05,8-98011604-1
288,095000-698,Isuzu D-Max/Rodeo 4JJ1 3.0L 2009/05,8-98011604-1
289,095000-698,Replacement  9709500-698,-
290,095000-699,Isuzu D-Max/Rodeo 4JK1 2.5L 2009/05,8-98011605-1
291,095000-699,Isuzu D-Max/Rodeo 4JK1 2.5L 2009/05,8-98011605-1
292,095000-699,Isuzu D-Max/Rodeo 4JK1 2.5L 2010/06,8-98011605-1
293,095000-699,Isuzu D-Max/Rodeo 4JK1 2.5L 2010/06,8-98011605-1
294,095000-701,Replacement 095000-782,-
295,095000-702,Replacement 095000-784,-
296,095000-703,Toyota Hilux 1KD-FTV Euro4 2006/10,23670-39185
297,095000-703,Toyota Hilux 1KD-FTV Euro4 2007/06,23670-39185
298,095000-703,Toyota Hilux 2KD-FTV Euro4 2006/10,23670-39185
299,095000-703,Toyota Hilux 2KD-FTV Euro4 2007/06,23670-39185
300,095000-703,Replacement 095000-778,-
301,095000-704,Replacement 095000-780,-
302,095000-706,Ford Transit PUMA (I4) 2.4L (TDCi) 2008/04,6C1Q-9K546-BC
303,095000-706,Ford Transit PUMA (I4) 2.4L (TDCi) 2008/04,6C1Q-9K546-BC
304,095000-706,Land Rover Defender PUMA (I4) 2.4 TD 2007/02,6C1Q-9K546-BC
305,095000-706,Land Rover Defender PUMA (I4) 2.4 TD 2007/02,6C1Q-9K546-BC
306,095000-714,Hyundai County 3.9 Euro 4 2008/02,33800-5200
307,095000-714,Hyundai County 3.9 Euro 4 2008/02,33800-5200
308,095000-714,Hyundai Mega Truck 5.9L Euro4 2008/02,33800-5200
309,095000-714,Hyundai Mega Truck 5.9L Euro4 2008/02,33800-5200
310,095000-714,Hyundai Mighty 3.9L Euro4 2008/01,33800-5200
311,095000-714,Hyundai Mighty 3.9L Euro4 2008/01,33800-5200
312,095000-715,John Deere Tractor 4045T 6068T S350 Tier3 (4 cil.) 2007/10,RE533505
313,095000-715,John Deere Tractor 4045T 6068T S350 Tier3 (6 cil.) 2007/10,RE533505
314,095000-721,Replacement HU095000-755,-
315,095000-722,Replacement HU095000-758,-
316,095000-724,Replacement HU095000-760,-
317,095000-725,Replacement HU095000-761,-
318,095000-727,Replacement HU095000-763,-
319,095000-728,Replacement HU095000-764,-
320,095000-730,Replacement HU095000-766,-
321,095000-731,Replacement HU095000-767,-
322,095000-732,Replacement HU095000-768,-
323,095000-733,Replacement HU095000-769,-
324,095000-735,Replacement 095000-772,-
325,095000-736,Replacement 095000-773,-
326,095000-738,Replacement SM095000-775,-
327,095000-739,Replacement SM095000-776,-
328,095000-740,Replacement 095000-754,-
329,095000-741,Replacement 095000-778,-
330,095000-742,Replacement 095000-779,-
331,095000-743,Replacement 095000-780,-
332,095000-744,Replacement 095000-781,-
333,095000-745,Replacement 095000-782,-
334,095000-746,Replacement 095000-783,-
335,095000-747,Replacement 095000-784,-
336,095000-749,Mitsubishi L200 4D56 DI-DC High Power 2009/01,1465A297
337,095000-749,Mitsubishi L200 4D56 DI-DC High Power 2010/06,1465A297
338,095000-750,Mitsubishi Pajero/Montero 4M41 DI-DC High Power 2009/01,1465A279
339,095000-750,Mitsubishi Pajero/Montero 4M41 DI-DC High Power 2010/01,1465A279
340,095000-753,Replacement 095000-771,-
341,095000-754,Toyota Hiace 2KD-FTV 2005/07,23670-0L020
342,095000-754,Toyota Hiace 2KD-FTV 2005/07,23670-0L050
343,095000-754,Toyota Hiace 2KD-FTV 2005/07,23670-30140
344,095000-754,Toyota Hiace 2KD-FTV 2005/07,23670-30220
345,095000-754,Toyota Hiace 2KD-FTV 2005/07,23670-30281
346,095000-754,Toyota Hiace 2KD-FTV 2005/07,23670-30280
347,095000-754,Toyota Hilux 1KD-FTV Euro4 2006/10,23670-30140
348,095000-754,Toyota Hilux 1KD-FTV Euro4 2006/10,23670-30220
349,095000-754,Toyota Hilux 1KD-FTV Euro4 2006/10,23670-30280
350,095000-754,Toyota Hilux 1KD-FTV Euro4 2007/06,23670-30140
351,095000-754,Toyota Hilux 1KD-FTV Euro4 2007/06,23670-30220
352,095000-754,Toyota Hilux 1KD-FTV Euro4 2007/06,23670-30280
353,095000-754,Toyota Hilux 2KD-FTV 2005/07,23670-0L020
354,095000-754,Toyota Hilux 2KD-FTV 2005/07,23670-0L050
355,095000-754,Toyota Hilux 2KD-FTV 2005/07,23670-30280
356,095000-754,Toyota Hilux 2KD-FTV 2005/07,23670-30281
357,095000-754,Toyota Hilux 2KD-FTV Euro4 2006/10,23670-30140
358,095000-754,Toyota Hilux 2KD-FTV Euro4 2006/10,23670-30220
359,095000-754,Toyota Hilux 2KD-FTV Euro4 2006/10,23670-30280
360,095000-754,Toyota Hilux 2KD-FTV Euro4 2007/06,23670-30140
361,095000-754,Toyota Hilux 2KD-FTV Euro4 2007/06,23670-30220
362,095000-754,Toyota Hilux 2KD-FTV Euro4 2007/06,23670-30280
363,095000-754,Toyota Land Cruiser 1KD-FTV Euro4 2006/10,23670-30140
364,095000-754,Toyota Land Cruiser 1KD-FTV Euro4 2006/10,23670-30220
365,095000-754,Toyota Land Cruiser 1KD-FTV Euro4 2006/10,23670-30280
366,095000-754,Toyota Land Cruiser 1KD-FTV Euro4 2007/06,23670-30140
367,095000-754,Toyota Land Cruiser 1KD-FTV Euro4 2007/06,23670-30220
368,095000-754,Toyota Land Cruiser 1KD-FTV Euro4 2007/06,23670-30280
369,095000-755,Toyota Avensis 1CD-FTV 2003/01,23670-0G010
370,095000-755,Toyota Avensis 1CD-FTV 2003/01,23670-0G020
371,095000-755,Toyota Avensis 1CD-FTV 2003/01,23670-0G030
372,095000-755,Toyota Avensis 1CD-FTV 2003/01,23670-0G040
373,095000-755,Toyota Avensis 1CD-FTV 2003/02,23670-0G010
374,095000-755,Toyota Avensis 1CD-FTV 2003/02,23670-0G020
375,095000-755,Toyota Avensis 1CD-FTV 2003/02,23670-0G030
376,095000-755,Toyota Avensis 1CD-FTV 2003/02,23670-0G040
377,095000-755,Toyota Avensis 1CD-FTV 2003/09,23670-0G010
378,095000-755,Toyota Avensis 1CD -FTV 2003/09,23670-0G020
379,095000-755,Toyota Avensis 1CD-FTV 2003/09,23670-0G030
380,095000-755,Toyota Avensis 1CD-FTV 2003/09,23670-0G040
381,095000-755,Toyota Avensis Verso 1CD-FTV 2003/02,23670-0G010
382,095000-755,Toyota Avensis Verso 1CD-FTV 2003/02,23670-0G020
383,095000-755,Toyota Avensis Verso 1CD-FTV 2003/02,23670-0G030
384,095000-755,Toyota Avensis Verso 1CD-FTV 2003/02,23670-0G040
385,095000-755,Toyota Avensis Verso 1CD-FTV 2003/09,23670-0G010
386,095000-755,Toyota Avensis Verso 1CD-FTV 2003/09,23670-0G020
387,095000-755,Toyota Avensis Verso 1CD-FTV 2003/09,23670-0G030
388,095000-755,Toyota Avensis Verso 1CD-FTV 2003/09,23670-0G040
389,095000-755,Toyota Avensis Verso 1CD-FTV 2008/01,23670-0G010
390,095000-755,Toyota Avensis Verso 1CD-FTV 2008/01,23670-0G020
391,095000-755,Toyota Avensis Verso 1CD-FTV 2008/01,23670-0G030
392,095000-755,Toyota Avensis Verso 1CD-FTV 2008/01,23670-0G040
393,095000-755,Toyota Corolla 1CD-FTV 2003/02,23670-0G010
394,095000-755,Toyota Corolla 1CD-FTV 2003/02,23670-0G020
395,095000-755,Toyota Corolla 1CD-FTV 2003/02,23670-0G030
396,095000-755,Toyota Corolla 1CD-FTV 2003/02,23670-0G040
397,095000-755,Toyota Corolla 1CD-FTV 2003/09,23670-0G010
398,095000-755,Toyota Corolla 1CD-FTV 2003/09,23670-0G020
399,095000-755,Toyota Corolla 1CD-FTV 2003/09,23670-0G030
400,095000-755,Toyota Corolla 1CD-FTV 2003/09,23670-0G040
401,095000-755,Toyota Corolla 1CD-FTV 2008/01,23670-0G040
402,095000-755,Toyota Corolla 1CD-FTV 2008/01,23670-0G010
403,095000-755,Toyota Corolla 1CD-FTV 2008/01,23670-0G020
404,095000-755,Toyota Corolla 1CD-FTV 2008/01,23670-0G030
405,095000-755,Toyota Corolla Verso 1CD-FTV 2003/02,23670-0G010
406,095000-755,Toyota Corolla Verso 1CD-FTV 2003/02,23670-0G020
407,095000-755,Toyota Corolla Verso 1CD-FTV 2003/02,23670-0G030
408,095000-755,Toyota Corolla Verso 1CD-FTV 2003/02,23670-0G040
409,095000-755,Toyota Corolla Verso 1CD-FTV 2003/09,23670-0G010
410,095000-755,Toyota Corolla Verso 1CD-FTV 2003/09,23670-0G020
411,095000-755,Toyota Corolla Verso 1CD-FTV 2003/09,23670-0G030
412,095000-755,Toyota Corolla Verso 1CD-FTV 2003/09,23670-0G040
413,095000-755,Toyota Corolla Verso 1CD-FTV 2008/01,23670-0G010
414,095000-755,Toyota Corolla Verso 1CD-FTV 2008/01,23670-0G020
415,095000-755,Toyota Corolla Verso 1CD-FTV 2008/01,23670-0G030
416,095000-755,Toyota Corolla Verso 1CD-FTV 2008/01,23670-0G040
417,095000-757,John Deere Tractor S450 2008/08,RE536001
418,095000-758,Toyota Avensis 1CD-FTV 2003/01,23670-09030
419,095000-758,Toyota Avensis 1CD-FTV 2003/01,23670-09250
420,095000-758,Toyota Avensis 1CD-FTV 2003/02,23670-09030
421,095000-758,Toyota Avensis 1CD-FTV 2003/02,23670-09250
422,095000-758,Toyota Avensis 1CD-FTV 2003/09,23670-09030
423,095000-758,Toyota Avensis 1CD-FTV 2003/09,23670-09250
424,095000-758,Toyota Avensis Verso 1CD-FTV 2003/02,23670-09030
425,095000-758,Toyota Avensis Verso 1CD-FTV 2003/02,23670-09220
426,095000-758,Toyota Avensis Verso 1CD-FTV 2003/09,23670-09030
427,095000-758,Toyota Avensis Verso 1CD-FTV 2003/09,23670-09220
428,095000-758,Toyota Avensis Verso 1CD-FTV 2008/01,23670-09030
429,095000-758,Toyota Avensis Verso 1CD-FTV 2008/01,23670-09220
430,095000-758,Toyota Corolla 1CD-FTV 2003/02,23670-09030
431,095000-758,Toyota Corolla 1CD-FTV 2003/02,23670-09220
432,095000-758,Toyota Corolla 1CD-FTV 2003/09,23670-09030
433,095000-758,Toyota Corolla 1CD-FTV 2003/09,23670-09220
434,095000-758,Toyota Corolla 1CD-FTV 2008/01,23670-09030
435,095000-758,Toyota Corolla 1CD-FTV 2008/01,23670-09220
436,095000-758,Toyota Corolla Verso 1CD-FTV 2003/02,23670-09030
437,095000-758,Toyota Corolla Verso 1CD-FTV 2003/02,23670-09220
438,095000-758,Toyota Corolla Verso 1CD-FTV 2003/09,23670-09030
439,095000-758,Toyota Corolla Verso 1CD-FTV 2003/09,23670-09220
440,095000-758,Toyota Corolla Verso 1CD-FTV 2008/01,23670-09030
441,095000-758,Toyota Corolla Verso 1CD-FTV 2008/01,23670-09220
442,095000-760,Toyota Avensis 2AD-FTV 110kW 2005/07,23670-0R010
443,095000-760,Toyota Avensis 2AD-FTV 110kW 2005/07,23670-0R060
444,095000-760,Toyota Avensis 2AD-FTV 110kW 2005/07,23670-0R110
445,095000-760,Toyota Avensis 2AD-FTV 110kW 2005/07,23670-0R160
446,095000-760,Toyota Avensis 2AD-FTV 110kW 2008/01,23670-0R010
447,095000-760,Toyota Avensis 2AD-FTV 110kW 2008/01,23670-0R060
448,095000-760,Toyota Avensis 2AD-FTV 110kW 2008/01,23670-0R110
449,095000-760,Toyota Avensis 2AD-FTV 110kW 2008/01,23670-0R160
450,095000-760,Toyota Avensis 2AD-FTV 110kW 2011/01,23670-0R010
451,095000-760,Toyota Avensis 2AD-FTV 110kW 2011/01,23670-0R060
452,095000-760,Toyota Avensis 2AD-FTV 110kW 2011/01,23670-0R110
453,095000-760,Toyota Avensis 2AD-FTV 110kW 2011/01,23670-0R160
454,095000-761,Toyota Avensis 2AD-FTV 110kW 2005/07,23670-09130
455,095000-761,Toyota Avensis 2AD-FTV 110kW 2005/07,23670-09200
456,095000-761,Toyota Avensis 2AD-FTV 110kW 2005/07,23670-09260
457,095000-761,Toyota Avensis 2AD-FTV 110kW 2008/01,23670-09130
458,095000-761,Toyota Avensis 2AD-FTV 110kW 2008/01,23670-09200
459,095000-761,Toyota Avensis 2AD-FTV 110kW 2008/01,23670-09260
460,095000-761,Toyota Avensis 2AD-FTV 110kW 2011/01,23670-09130
461,095000-761,Toyota Avensis 2AD-FTV 110kW 2011/01,23670-09200
462,095000-761,Toyota Avensis 2AD-FTV 110kW 2011/01,23670-09260
463,095000-763,Toyota Corolla Verso 2AD-FTV 100kW 2005/11,23670-0R020
464,095000-763,Toyota Corolla Verso 2AD-FTV 100kW 2005/11,23670-0R070
465,095000-763,Toyota Corolla Verso 2AD-FTV 100kW 2005/11,23670-0R120
466,095000-763,Toyota Corolla Verso 2AD-FTV 100kW 2005/11,23670-0R170
467,095000-763,Toyota RAV4 2AD-FTV 100kW 2005/12,23670-0R020
468,095000-763,Toyota RAV4 2AD-FTV 100kW 2005/12,23670-0R070
469,095000-763,Toyota RAV4 2AD-FTV 100kW 2005/12,23670-0R120
470,095000-763,Toyota RAV4 2AD-FTV 100kW 2005/12,23670-0R170
471,095000-764,Toyota Corolla Verso 2AD-FTV 100kW 2005/11,23670-09140
472,095000-764,Toyota Corolla Verso 2AD-FTV 100kW 2005/11,23670-09210
473,095000-764,Toyota Corolla Verso 2AD-FTV 100kW 2005/11,23670-09290
474,095000-764,Toyota RAV4 2AD-FTV 100kW 2005/12,23670-09140
475,095000-764,Toyota RAV4 2AD-FTV 100kW 2005/12,23670-09210
476,095000-764,Toyota RAV4 2AD-FTV 100kW 2005/12,23670-09290
477,095000-766,Toyota Auris 1AD-FTV 90kW 2007/01,23670-0R030
478,095000-766,Toyota Auris 1AD-FTV 90kW 2007/01,23670-0R140
479,095000-766,Toyota Auris 1AD-FTV 90kW 2007/01,23670-0R190
480,095000-764,Toyota Auris 1AD-FTV 90kW 2008/01,23670-0R030
481,095000-764,Toyota Auris 1AD-FTV 90kW 2008/01,23670-0R140
482,095000-764,Toyota Auris 1AD-FTV 90kW 2008/01,23670-0R190
483,095000-764,Toyota Auris 1AD-FTV 90kW 2011/01,23670-0R030
484,095000-764,Toyota Auris 1AD-FTV 90kW 2011/01,23670-0R140
485,095000-764,Toyota Auris 1AD-FTV 90kW 2011/01,23670-0R190
486,095000-764,Toyota Avensis 1AD-FTV 90kW 2006/07,23670-0R030
487,095000-764,Toyota Avensis 1AD-FTV 90kW 2006/07,23670-0R140
488,095000-764,Toyota Avensis 1AD-FTV 90kW 2006/07,23670-0R190
489,095000-764,Toyota Avensis 1AD-FTV 90kW 2008/01,23670-0R030
490,095000-764,Toyota Avensis 1AD-FTV 90kW 2008/01,23670-0R140
491,095000-764,Toyota Avensis 1AD-FTV 90kW 2008/01,23670-0R190
492,095000-764,Toyota Avensis 1AD-FTV 90kW 2011/01,23670-0R030
493,095000-764,Toyota Avensis 1AD-FTV 90kW 2011/01,23670-0R140
494,095000-764,Toyota Avensis 1AD-FTV 90kW 2011/01,23670-0R190
495,095000-764,Toyota Corolla 1AD-FTV 90kW 2006/07,23670-0R030
496,095000-764,Toyota Corolla 1AD-FTV 90kW 2006/07,23670-0R140
497,095000-764,Toyota Corolla 1AD-FTV 90kW 2008/01,23670-0R030
498,095000-764,Toyota Corolla 1AD-FTV 90kW 2008/01,23670-0R140
499,095000-764,Toyota Corolla 1AD-FTV 90kW 2011/01,23670-0R030
500,095000-764,Toyota Corolla 1AD-FTV 90kW 2011/01,23670-0R140
501,095000-767,Toyota Auris 1AD-FTV 90kW 2007/01,23670-09180
502,095000-767,Toyota Auris 1AD-FTV 90kW 2007/01,23670-09240
503,095000-767,Toyota Auris 1AD-FTV 90kW 2007/01,23670-09280
504,095000-767,Toyota Auris 1AD-FTV 90kW 2008/01,23670-09180
505,095000-767,Toyota Auris 1AD-FTV 90kW 2008/01,23670-09240
506,095000-767,Toyota Auris 1AD-FTV 90kW 2008/01,23670-09280
507,095000-767,Toyota Auris 1AD-FTV 90kW 2011/01,23670-09180
508,095000-767,Toyota Auris 1AD-FTV 90kW 2011/01,23670-09240
509,095000-767,Toyota Auris 1AD-FTV 90kW 2011/01,23670-09280
510,095000-767,Toyota Avensis 1AD-FTV 90kW 2006/07,23670-09180
511,095000-767,Toyota Avensis 1AD-FTV 90kW 2006/07,23670-09240
512,095000-767,Toyota Avensis 1AD-FTV 90kW 2006/07,23670-09280
513,095000-767,Toyota Avensis 1AD-FTV 90kW 2008/01,23670-09180
514,095000-767,Toyota Avensis 1AD-FTV 90kW 2008/01,23670-09240
515,095000-767,Toyota Avensis 1AD-FTV 90kW 2008/01,23670-09280
516,095000-767,Toyota Avensis 1AD-FTV 90kW 2011/01,23670-09180
517,095000-767,Toyota Avensis 1AD-FTV 90kW 2011/01,23670-09240
518,095000-767,Toyota Avensis 1AD-FTV 90kW 2011/01,23670-09280
519,095000-767,Toyota Corolla 1AD-FTV 90kW 2006/07,23670-09180
520,095000-767,Toyota Corolla 1AD-FTV 90kW 2006/07,23670-09240
521,095000-767,Toyota Corolla 1AD-FTV 90kW 2006/07,23670-09280
522,095000-767,Toyota Corolla 1AD-FTV 90kW 2008/01,23670-09180
523,095000-767,Toyota Corolla 1AD-FTV 90kW 2008/01,23670-09240
524,095000-767,Toyota Corolla 1AD-FTV 90kW 2008/01,23670-09280
525,095000-767,Toyota Corolla 1AD-FTV 90kW 2011/01,23670-09180
526,095000-767,Toyota Corolla 1AD-FTV 90kW 2011/01,23670-09240
527,095000-767,Toyota Corolla 1AD-FTV 90kW 2011/01,23670-09280
528,095000-768,Toyota Auris 1AD-FTV 81kW 2007/01,23670-0R050
529,095000-768,Toyota Auris 1AD-FTV 81kW 2007/01,23670-0R130
530,095000-768,Toyota Auris 1AD-FTV 81kW 2007/01,23670-0R180
531,095000-768,Toyota Auris 1AD-FTV 81kW 2008/01,23670-0R050
532,095000-768,Toyota Auris 1AD-FTV 81kW 2008/01,23670-0R130
533,095000-768,Toyota Auris 1AD-FTV 81kW 2008/01,23670-0R180
534,095000-768,Toyota Auris 1AD-FTV 81kW 2011/01,23670-0R050
535,095000-768,Toyota Auris 1AD-FTV 81kW 2011/01,23670-0R130
536,095000-768,Toyota Auris 1AD-FTV 81kW 2011/01,23670-0R180
537,095000-768,Toyota Avensis 1AD-FTV 81kW 2006/07,23670-0R050
538,095000-768,Toyota Avensis 1AD-FTV 81kW 2006/07,23670-0R130
539,095000-768,Toyota Avensis 1AD-FTV 81kW 2006/07,23670-0R180
540,095000-768,Toyota Avensis 1AD-FTV 81kW 2008/01,23670-0R050
541,095000-768,Toyota Avensis 1AD-FTV 81kW 2008/01,23670-0R130
542,095000-768,Toyota Avensis 1AD-FTV 81kW 2008/01,23670-0R180
543,095000-768,Toyota Avensis 1AD-FTV 81kW 2011/01,23670-0R050
544,095000-768,Toyota Avensis 1AD-FTV 81kW 2011/01,23670-0R130
545,095000-768,Toyota Avensis 1AD-FTV 81kW 2011/01,23670-0R180
546,095000-768,Toyota Corolla 1AD-FTV 81kW 2006/07,23670-0R050
547,095000-768,Toyota Corolla 1AD-FTV 81kW 2006/07,23670-0R130
548,095000-768,Toyota Corolla 1AD-FTV 81kW 2006/07,23670-0R180
549,095000-768,Toyota Corolla 1AD-FTV 81kW 2008/01,23670-0R050
550,095000-768,Toyota Corolla 1AD-FTV 81kW 2008/01,23670-0R130
551,095000-768,Toyota Corolla 1AD-FTV 81kW 2008/01,23670-0R180
552,095000-768,Toyota Corolla 1AD-FTV 81kW 2011/01,23670-0R050
553,095000-768,Toyota Corolla 1AD-FTV 81kW 2011/01,23670-0R130
554,095000-768,Toyota Corolla 1AD-FTV 81kW 2011/01,23670-0R180
555,095000-768,Toyota Corolla Verso 1AD-FTV 81kW 2006/07,23670-0R050
556,095000-768,Toyota Corolla Verso 1AD-FTV 81kW 2006/07,23670-0R130
557,095000-768,Toyota Corolla Verso 1AD-FTV 81kW 2006/07,23670-0R180
558,095000-768,Toyota Corolla Verso 1AD-FTV 81kW 2008/01,23670-0R050
559,095000-768,Toyota Corolla Verso 1AD-FTV 81kW 2008/01,23670-0R130
560,095000-768,Toyota Corolla Verso 1AD-FTV 81kW 2008/01,23670-0R180
561,095000-768,Toyota Corolla Verso 1AD-FTV 81kW 2011/01,23670-0R050
562,095000-768,Toyota Corolla Verso 1AD-FTV 81kW 2011/01,23670-0R130
563,095000-768,Toyota Corolla Verso 1AD-FTV 81kW 2011/01,23670-0R180
564,095000-768,Toyota Corolla Verso 2AD-FTV 100kW 2008/01,23670-0R050
565,095000-768,Toyota Corolla Verso 2AD-FTV 100kW 2008/01,23670-0R130
566,095000-768,Toyota Corolla Verso 2AD-FTV 100kW 2008/01,23670-0R180
567,095000-768,Toyota Corolla Verso 2AD-FTV 100kW 2011/01,23670-0R050
568,095000-768,Toyota Corolla Verso 2AD-FTV 100kW 2011/01,23670-0R130
569,095000-768,Toyota Corolla Verso 2AD-FTV 100kW 2011/01,23670-0R180
570,095000-768,Toyota Corolla Verso 2AD-FTV 2008/01,23670-0R050
571,095000-768,Toyota Corolla Verso 2AD-FTV 2008/01,23670-0R130
572,095000-768,Toyota Corolla Verso 2AD-FTV 2008/01,23670-0R180
573,095000-768,Toyota RAV4 1AD-FTV 81kW 2006/07,23670-0R050
574,095000-768,Toyota RAV4 1AD-FTV 81kW 2006/07,23670-0R130
575,095000-768,Toyota RAV4 1AD-FTV 81kW 2006/07,23670-0R180
576,095000-768,Toyota RAV4 1AD-FTV 81kW 2008/01,23670-0R050
577,095000-768,Toyota RAV4 1AD-FTV 81kW 2008/01,23670-0R130
578,095000-768,Toyota RAV4 1AD-FTV 81kW 2008/01,23670-0R180
579,095000-768,Toyota RAV4 1AD-FTV 81kW 2011/01,23670-0R050
580,095000-768,Toyota RAV4 1AD-FTV 81kW 2011/01,23670-0R130
581,095000-768,Toyota RAV4 1AD-FTV 81kW 2011/01,23670-0R180
582,095000-768,Toyota RAV4 2AD-FTV 2008/01,23670-0R050
583,095000-768,Toyota RAV4 2AD-FTV 2008/01,23670-0R130
584,095000-768,Toyota RAV4 2AD-FTV 2008/01,23670-0R180
585,095000-768,Toyota RAV4 2AD-FTV 2011/01,23670-0R050
586,095000-768,Toyota RAV4 2AD-FTV 2011/01,23670-0R130
587,095000-768,Toyota RAV4 2AD-FTV 2011/01,23670-0R180
588,095000-769,Toyota Auris 1AD-FTV 81kW 2007/01,23670-09190
589,095000-769,Toyota Auris 1AD-FTV 81kW 2007/01,23670-09230
590,095000-769,Toyota Auris 1AD-FTV 81kW 2007/01,23670-09270
591,095000-769,Toyota Auris 1AD-FTV 81kW 2008/01,23670-09190
592,095000-769,Toyota Auris 1AD-FTV 81kW 2008/01,23670-09230
593,095000-769,Toyota Auris 1AD-FTV 81kW 2008/01,23670-09270
594,095000-769,Toyota Auris 1AD-FTV 81kW 2011/01,23670-09190
595,095000-769,Toyota Auris 1AD-FTV 81kW 2011/01,23670-09230
596,095000-769,Toyota Auris 1AD-FTV 81kW 2011/01,23670-09270
597,095000-769,Toyota Avensis 1AD-FTV 81kW 2006/07,23670-09190
598,095000-769,Toyota Avensis 1AD-FTV 81kW 2006/07,23670-09230
599,095000-769,Toyota Avensis 1AD-FTV 81kW 2006/07,23670-09270
600,095000-769,Toyota Avensis 1AD-FTV 81kW 2008/01,23670-09190
601,095000-769,Toyota Avensis 1AD-FTV 81kW 2008/01,23670-09230
602,095000-769,Toyota Avensis 1AD-FTV 81kW 2008/01,23670-09270
603,095000-769,Toyota Avensis 1AD-FTV 81kW 2011/01,23670-09190
604,095000-769,Toyota Avensis 1AD-FTV 81kW 2011/01,23670-09230
605,095000-769,Toyota Avensis 1AD-FTV 81kW 2011/01,23670-09270
606,095000-769,Toyota Corolla 1AD-FTV 81kW 2006/07,23670-09190
607,095000-769,Toyota Corolla 1AD-FTV 81kW 2006/07,23670-09230
608,095000-769,Toyota Corolla 1AD-FTV 81kW 2008/01,23670-09190
609,095000-769,Toyota Corolla 1AD-FTV 81kW 2008/01,23670-09230
610,095000-769,Toyota Corolla 1AD-FTV 81kW 2011/01,23670-09190
611,095000-769,Toyota Corolla 1AD-FTV 81kW 2011/01,23670-09230
612,095000-769,Toyota Corolla Verso 1AD-FTV 81kW 2006/07,23670-09190
613,095000-769,Toyota Corolla Verso 1AD-FTV 81kW 2006/07,23670-09230
614,095000-769,Toyota Corolla Verso 1AD-FTV 81kW 2006/07,23670-09270
615,095000-769,Toyota Corolla Verso 1AD-FTV 81kW 2008/01,23670-09190
616,095000-769,Toyota Corolla Verso 1AD-FTV 81kW 2008/01,23670-09230
617,095000-769,Toyota Corolla Verso 1AD-FTV 81kW 2008/01,23670-09270
618,095000-769,Toyota Corolla Verso 1AD-FTV 81kW 2011/01,23670-09190
619,095000-769,Toyota Corolla Verso 1AD-FTV 81kW 2011/01,23670-09230
620,095000-769,Toyota Corolla Verso 1AD-FTV 81kW 2011/01,23670-09270
621,095000-769,Toyota Corolla Verso 2AD-FTV 100kW 2008/01,23670-09190
622,095000-769,Toyota Corolla Verso 2AD-FTV 100kW 2008/01,23670-09230
623,095000-769,Toyota Corolla Verso 2AD-FTV 100kW 2008/01,23670-09270
624,095000-769,Toyota Corolla Verso 2AD-FTV 100kW 2011/01,23670-09190
625,095000-769,Toyota Corolla Verso 2AD-FTV 100kW 2011/01,23670-09230
626,095000-769,Toyota Corolla Verso 2AD-FTV 100kW 2011/01,23670-09270
627,095000-769,Toyota Corolla Verso 2AD-FTV 2008/01,23670-09190
628,095000-769,Toyota Corolla Verso 2AD-FTV 2008/01,23670-09230
629,095000-769,Toyota Corolla Verso 2AD-FTV 2008/01,23670-09270
630,095000-769,Toyota RAV4 1AD-FTV 81kW 2006/07,23670-09190
631,095000-769,Toyota RAV4 1AD-FTV 81kW 2006/07,23670-09230
632,095000-769,Toyota RAV4 1AD-FTV 81kW 2006/07,23670-09270
633,095000-769,Toyota RAV4 1AD-FTV 81kW 2008/01,23670-09190
634,095000-769,Toyota RAV4 1AD-FTV 81kW 2008/01,23670-09230
635,095000-769,Toyota RAV4 1AD-FTV 81kW 2008/01,23670-09270
636,095000-769,Toyota RAV4 1AD-FTV 81kW 2011/01,23670-09190
637,095000-769,Toyota RAV4 1AD-FTV 81kW 2011/01,23670-09230
638,095000-769,Toyota RAV4 1AD-FTV 81kW 2011/01,23670-09270
639,095000-769,Toyota RAV4 2AD-FTV 2008/01,23670-09190
640,095000-769,Toyota RAV4 2AD-FTV 2008/01,23670-09230
641,095000-769,Toyota RAV4 2AD-FTV 2008/01,23670-09270
642,095000-769,Toyota RAV4 2AD-FTV 2011/01,23670-09190
643,095000-769,Toyota RAV4 2AD-FTV 2011/01,23670-09230
644,095000-769,Toyota RAV4 2AD-FTV 2011/01,23670-09270
645,095000-770,Toyota Land Cruiser 200 1VD-FTV V8 2008/01,23670-51020-A
646,095000-770,Toyota Land Cruiser 200 1VD-FTV V8 2008/01,23670-51020-A
647,095000-770,Toyota Land Cruiser 200 1VD-FTV V8 2008/03,23670-51020-A
648,095000-770,Toyota Land Cruiser 200 1VD-FTV V8 2008/03,23670-51030
649,095000-770,Toyota Land Cruiser 201 1VD-FTV V8 Baja espec. 2008/01,23670-51020-A
650,095000-770,Toyota Land Cruiser 201 1VD-FTV V8 Baja espec. 2008/01,23670-51030
651,095000-770,Toyota Land Cruiser 202 1VD-FTV V8 Baja espec. 2008/03,23670-51020-A
652,095000-770,Toyota Land Cruiser 202 1VD-FTV V8 Baja espec. 2008/03,23670-51030
653,095000-771,Toyota Land Cruiser 200 1VD-FTV V8 2008/01,23670-59025
654,095000-771,Toyota Land Cruiser 200 1VD-FTV V8 2008/01,23670-59035
655,095000-771,Toyota Land Cruiser 200 1VD-FTV V8 2008/03,23670-59025
656,095000-771,Toyota Land Cruiser 200 1VD-FTV V8 2008/03,23670-59035
657,095000-771,Toyota Land Cruiser 201 1VD-FTV V8 Baja espec. 2008/01,23670-59025
658,095000-771,Toyota Land Cruiser 201 1VD-FTV V8 Baja espec. 2008/01,23670-59035
659,095000-771,Toyota Land Cruiser 202 1VD-FTV V8 Baja espec. 2008/03,23670-59025
660,095000-771,Toyota Land Cruiser 202 1VD-FTV V8 Baja espec. 2008/03,23670-59035
661,095000-772,Toyota Land Cruiser 1KD-FTV Euro3 2004/09,23670-30080
662,095000-772,Toyota Land Cruiser 1KD-FTV Euro3 2004/09,23670-30180
663,095000-772,Toyota Land Cruiser 1KD-FTV Euro3 2004/09,23670-30210
664,095000-772,Toyota Land Cruiser 1KD-FTV Euro3 2004/09,23670-30320
665,095000-773,Toyota Land Cruiser 1KD-FTV Euro3 2004/09,23670-39135
666,095000-773,Toyota Land Cruiser 1KD-FTV Euro3 2004/09,23670-39155
667,095000-773,Toyota Land Cruiser 1KD-FTV Euro3 2004/09,23670-39295
668,095000-775,Toyota Hiace 2KD-FTV 2005/07,23670-0L011
669,095000-775,Toyota Hiace 2KD-FTV 2005/07,23670-30240
670,095000-775,Toyota Hiace 2KD-FTV 2005/07,23670-30300
671,095000-775,Toyota Hilux 2KD-FTV 2004/06,23670-0L010
672,095000-775,Toyota Hilux 2KD-FTV 2004/06,23670-0L070
673,095000-775,Toyota Hilux 2KD-FTV 2004/06,23670-30300
674,095000-775,Toyota Hilux 2KD-FTV 2005/07,23670-0L011
675,095000-775,Toyota Hilux 2KD-FTV 2005/07,23670-30240
676,095000-775,Toyota Hilux 2KD-FTV 2005/07,23670-30300
677,095000-776,Toyota Hiace 2KD-FTV 2005/07,23670-39235
678,095000-776,Toyota Hiace 2KD-FTV 2005/07,23670-09060
679,095000-776,Toyota Hiace 2KD-FTV 2005/07,23670-39275
680,095000-776,Toyota Hilux 2KD-FTV 2004/06,23670-09060
681,095000-776,Toyota Hilux 2KD-FTV 2004/06,23670-09360
682,095000-776,Toyota Hilux 2KD-FTV 2004/06,23670-39275
683,095000-776,Toyota Hilux 2KD-FTV 2005/07,23670-09060
684,095000-776,Toyota Hilux 2KD-FTV 2005/07,23670-39235
685,095000-776,Toyota Hilux 2KD-FTV 2005/07,23670-39275
686,095000-778,Toyota Hiace 2KD-FTV 2005/07,23670-09070
687,095000-778,Toyota Hiace 2KD-FTV 2005/07,23670-09330
688,095000-778,Toyota Hiace 2KD-FTV 2005/07,23670-39316
689,095000-778,Toyota Hilux 1KD-FTV Euro4 2006/10,23670-39185
690,095000-778,Toyota Hilux 1KD-FTV Euro4 2006/10,23670-39215
691,095000-778,Toyota Hilux 1KD-FTV Euro4 2006/10,23670-39315
692,095000-778,Toyota Hilux 1KD-FTV Euro4 2007/06,23670-39185
693,095000-778,Toyota Hilux 1KD-FTV Euro4 2007/06,23670-39215
694,095000-778,Toyota Hilux 1KD-FTV Euro4 2007/06,23670-39315
695,095000-778,Toyota Hilux 2KD-FTV 2005/07,23670-09070
696,095000-778,Toyota Hilux 2KD-FTV 2005/07,23670-09330
697,095000-778,Toyota Hilux 2KD-FTV 2005/07,23670-39316
698,095000-778,Toyota Hilux 2KD-FTV Euro4 2006/10,23670-39185
699,095000-778,Toyota Hilux 2KD-FTV Euro4 2006/10,23670-39215
700,095000-778,Toyota Hilux 2KD-FTV Euro4 2006/10,23670-39315
701,095000-778,Toyota Hilux 2KD-FTV Euro4 2007/06,23670-39185
702,095000-778,Toyota Hilux 2KD-FTV Euro4 2007/06,23670-39215
703,095000-778,Toyota Hilux 2KD-FTV Euro4 2007/06,23670-39315
704,095000-778,Toyota Land Cruiser 1KD-FTV Euro4 2006/10,23670-39185
705,095000-778,Toyota Land Cruiser 1KD-FTV Euro4 2006/10,23670-39215
706,095000-778,Toyota Land Cruiser 1KD-FTV Euro4 2006/10,23670-39315
707,095000-778,Toyota Land Cruiser 1KD-FTV Euro4 2007/06,23670-39185
708,095000-778,Toyota Land Cruiser 1KD-FTV Euro4 2007/06,23670-39215
709,095000-778,Toyota Land Cruiser 1KD-FTV Euro4 2007/06,23670-39315
710,095000-779,Toyota Hiace 2KD-FTV Euro4 2006/10,23670-30150
711,095000-779,Toyota Hiace 2KD-FTV Euro4 2006/10,23670-30250
712,095000-779,Toyota Hiace 2KD-FTV Euro4 2006/10,23670-30310
713,095000-779,Toyota Hiace 2KD-FTV Euro4 2007/10,23670-30150
714,095000-779,Toyota Hiace 2KD-FTV Euro4 2007/10,23670-30250
715,095000-779,Toyota Hiace 2KD-FTV Euro4 2007/10,23670-30310
716,095000-780,Toyota Hiace 2KD-FTV Euro4 2006/10,23670-39145
717,095000-780,Toyota Hiace 2KD-FTV Euro4 2006/10,23670-39245
718,095000-780,Toyota Hiace 2KD-FTV Euro4 2006/10,23670-39285
719,095000-780,Toyota Hiace 2KD-FTV Euro4 2007/10,23670-39145
720,095000-780,Toyota Hiace 2KD-FTV Euro4 2007/10,23670-39245
721,095000-780,Toyota Hiace 2KD-FTV Euro4 2007/10,23670-39285
722,095000-781,Toyota Dyna 1KD-FTV Euro4 2006/10,23670-30120
723,095000-781,Toyota Dyna 1KD-FTV Euro4 2006/10,23670-30230
724,095000-781,Toyota Dyna 1KD-FTV Euro4 2006/10,23670-30290
725,095000-781,Toyota Dyna 1KD-FTV Euro4 2006/10,23670-30320
726,095000-781,Toyota Dyna 1KD-FTV Euro4 2007/06,23670-30290
727,095000-782,Toyota Dyna 1KD-FTV Euro4 2006/10,23670-39165
728,095000-782,Toyota Dyna 1KD-FTV Euro4 2006/10,23670-39225
729,095000-782,Toyota Dyna 1KD-FTV Euro4 2006/10,23670-39265
730,095000-782,Toyota Dyna 1KD-FTV Euro4 2007/06,23670-39265
731,095000-783,Toyota Dyna 1KD-FTV Euro4 2006/10,23670-30130
732,095000-783,Toyota Dyna 1KD-FTV Euro4 2006/10,23670-30260
733,095000-783,Toyota Dyna 1KD-FTV Euro4 2006/10,23670-30330
734,095000-783,Toyota Dyna 1KD-FTV Euro4 2007/06,23670-30130
735,095000-783,Toyota Dyna 1KD-FTV Euro4 2007/06,23670-30330
736,095000-784,Toyota Dyna 1KD-FTV Euro4 2006/10,23670-39175
737,095000-784,Toyota Dyna 1KD-FTV Euro4 2006/10,23670-39255
738,095000-784,Toyota Dyna 1KD-FTV Euro4 2006/10,23670-39305
739,095000-784,Toyota Dyna 1KD-FTV Euro4 2007/06,23670-39175
740,095000-784,Toyota Dyna 1KD-FTV Euro4 2007/06,23670-39255
741,095000-784,Toyota Dyna 1KD-FTV Euro4 2007/06,23670-39305
742,095000-785,Mazda 6 RF-DI 2009/12,RFY013H50B
743,095000-785,Mazda MPV RF-DI 2009/12,RFY013H50B
744,095000-786,Mazda 3 RF-DI 2008/06,RF8G13H50
745,095000-786,Mazda 5 RF-DI 2008/06,RF8G13H50
746,095000-786,Mazda 6 RF-DI 2008/06,RF8G13H50
747,095000-789,Subaru Forester EE20 2008/07,16613AA020
748,095000-789,Subaru Impreza EE20 2008/10,16613AA020
749,095000-789,Subaru Legacy EE20 2008/01,16613AA020
750,095000-789,Subaru Outback EE20 2008/01,16613AA020
751,095000-793,Ford Transit PUMA (I4) 2.4L (TDCi) 2009/06,9C1Q9K546BA
752,095000-793,Ford Transit PUMA (I4) 2.4L (TDCi) 2009/06,9C1Q-9K546-BA
753,095000-803,Isuzu D-Max/Rodeo 4JJ1 3.0L Euro5 2009/10,8-98074909-0
754,095000-803,Isuzu D-Max/Rodeo 4JJ1 3.0L Euro5 2009/10,8-98074909-0
755,095000-803,Replacement 970950-0803,-
756,095000-808,John Deere Tractor S450 2008/10,RE537392
757,095000-811,Mitsubishi Pajero Sport 4M41 Russia/Ukraine 2007/03,1465A307
758,095000-811,Mitsubishi Pajero Sport 4M41 Russia/Ukraine 2010/01,1465A307
759,095000-811,Mitsubishi Pajero Sport 4M41 Russia/Ukraine 2010/06,1465A307
760,095000-822,Replacement 095000-754,-
761,095000-829,Replacement 095000-778,-
762,095000-831,Hyundai County Euro3 2006/12,33800-4570
763,095000-831,Hyundai County Euro3 2006/12,33800-4570
764,095000-831,Hyundai Mighty Euro3 2006/12,33800-4570
765,095000-831,Hyundai Mighty Euro3 2006/12,33800-4570
766,095000-847,Toyota Dyna 200 (Hino) N04C Euro5 12V 2009/05,23670-E0410
767,095000-848,Toyota Dyna 200 (Hino) N04C Euro5 24V 2009/05,23670-E0420
768,095000-853,Replacement SM095000-775,-
769,095000-855,John Deere Tractor S450 2008/10,RE539818
770,095000-872,John Deere Tractor 4045T 6068T S350 Tier3 (4 cil.) 2005/05,RE529117
771,095000-874,Replacement SM095000-776,-
772,095000-880,John Deere Tractor 4045T 6068T S350 Tier3 (4 cil.) 2005/12,RE529118
773,095000-881,John Deere Tractor 4045T 6068T S350 Tier3 (4 cil.) 2005/12,RE532216
774,095000-890,Isuzu N-Series 4HK1 5.2L 2007/01,8-98160061-0
775,095000-890,Isuzu N-Series 4HK1 5.2L 2007/01,8-98160061-0
776,095000-890,Isuzu N-Series 4HK2 5.2L 2004/01,8-98160061-0
777,095000-890,Isuzu N-Series 6HK1 7.8L 2007/01,8-98160061-0
778,095000-890,Isuzu N-Series 6HK1 7.8L 2007/01,8-98160061-0
779,095000-890,Replacement 9709500-890,8-98160061-0
780,095000-893,Isuzu Foward 4HK1 5.2L 2009/05,8-98160061-0
781,095000-893,Isuzu Foward 4HK1 5.2L 2009/05,8-98160061-0
782,295050-001,Mazda 3 R2 200MPa 2009/04,R2AA13H50
783,295050-001,Mazda 6 R2 200MPa 2009/01,R2AA13H50
784,295050-001,Mazda CX-7 R2 200MPa 2009/01,R2AA13H50
785,295050-005,Opel Astra A17DTR Euro5 2010/01,5-5567729C-A
786,295050-005,Opel Astra A17DTR Euro5 2010/01,5-5567729C-A
787,295050-005,Opel Combo A17DTR Euro5 2010/01,5-5567729C-A
788,295050-005,Opel Combo A17DTR Euro5 2010/01,5-5567729C-A
789,295050-005,Opel Corsa A17DTR Euro5 2010/01,5-5567729C-A
790,295050-005,Opel Corsa A17DTR Euro5 2010/01,5-5567729C-A
791,295050-005,Opel Meriva A17DT Euro5 2010/01,5-5567729C-A
792,295050-005,Opel Meriva A17DT Euro5 2010/01,5-5567729C-A
793,295050-005,Opel Zafira A17DTR Euro5 2010/01,5-5567729C-A
794,295050-005,Opel Zafira A17DTR Euro5 2010/01,5-5567729C-A
795,295050-007,Toyota Dyna 1KD-FTV Euro4 2010/04,23670-30380
796,295050-008,Toyota Dyna 1KD-FTV Euro4 2010/04,23670-30390
797,295050-012,Mitsubishi ASX 4N13 Euro5 2010/06,1465A306
798,295050-012,Mitsubishi ASX 4N13 Euro5 2010/06,1465A323
799,295050-012,Mitsubishi Lancer 4N13 Euro5 2010/06,1465A323
800,295050-018,Toyota Hilux 1KD-FTV Euro4 2010/04,23670-0L090
801,295050-018,Toyota Hilux 2KD-FTV Euro4 2010/04,23670-0L090
802,295050-019,Toyota Hiace 1KD-FTV Euro4 2010/04,23670-0L100
803,295050-0190,Toyota Land Cruiser 1KD-FTV Euro5 2010/10,23670-30150
804,295050-020,Toyota Hilux 1KD-FTV Euro4 2010/04,23670-30400
805,295050-020,Toyota Hilux 2KD-FTV Euro4 2010/04,23670-30400
806,295050-0200,Toyota Land Cruiser 1KD-FTV Euro4 2010/04,23670-30400
807,295050-021,Toyota Hiace 1KD-FTV Euro4 2010/04,23670-30410
808,295050-0240,Toyota Land Cruiser 1KD-FTV Euro5 2010/10,23670-39445
809,295050-025,Subaru Forester EE20 2010/12,16613AA030
810,295050-025,Subaru Impreza EE20 2010/12,16613AA030
811,295050-025,Subaru Legacy EE20 2010/01,16613AA030
812,295050-025,Subaru Outback EE20 2010/06,16613AA030
813,295050-027,John Deere Tractor S450 2010/02,RE536271
814,295050-028,John Deere Tractor S450 2010/02,RE536316
815,295050-030,Nissan Murano YD25 Euro5 2010/02,16600-5X00
816,295050-030,Nissan Murano YD25 Euro5 2010/02,16600-5X00
817,295050-030,Nissan Navara YD25 Euro5 2010/01,16600-5X00
818,295050-030,Nissan Navara YD25 Euro5 2010/01,16600-5X00
819,295050-030,Nissan Pathfinder YD25 Euro5 2010/01,16600-5X00
820,295050-030,Nissan Pathfinder YD25 Euro5 2010/01,16600-5X00
821,295050-034,Mitsubishi Outlander 4N14 Euro5 2010/06,1465A353
822,295050-046,Toyota Hilux 1KD-FTV Euro4 2010/04,23670-39365
823,295050-046,Toyota Hilux 2KD-FTV Euro4 2010/04,23670-39365
824,295050-0460,Toyota Land Cruiser 1KD-FTV Euro4 2010/04,23670-39365
825,295050-047,Toyota Hiace 1KD-FTV Euro4 2010/04,23670-39255
826,295050-052,Toyota Hilux 1KD-FTV Euro4 2010/04,23670-09350
827,295050-052,Toyota Hilux 2KD-FTV Euro4 2010/04,23670-09350
828,295050-053,Toyota Hiace 1KD-FTV Euro4 2010/04,23670-09340
829,295050-054,Toyota Dyna 2KD-FTV Bajo lub. 2010/08,23670-0L110
830,295050-054,Toyota Dyna 2KD-FTV Estándar 2010/08,23670-0L110
831,295050-054,Toyota Hiace 2KD-FTV Bajo lub. 2010/08,23670-0L110
832,295050-054,Toyota Hiace 2KD-FTV Estándar 2010/08,23670-0L110
833,295050-054,Toyota Hilux 2KD-FTV Bajo lub. 2010/08,23670-0L110
834,295050-054,Toyota Hilux 2KD-FTV Estándar 2010/08,23670-0L110
835,295050-0560,Mitsubishi Pajero/Montero 2010/10,1465A351
836,295050-062,Toyota Dyna 2KD-FTV Bajo lub. 2010/08,23670-30420
837,295050-062,Toyota Dyna 2KD-FTV Estándar 2010/08,23670-30420
838,295050-062,Toyota Hiace 2KD-FTV Bajo lub. 2010/08,23670-30420
839,295050-062,Toyota Hiace 2KD-FTV Estándar 2010/08,23670-30420
840,295050-062,Toyota Hilux 2KD-FTV Bajo lub. 2010/08,23670-30420
841,295050-062,Toyota Hilux 2KD-FTV Estándar 2010/08,23670-30420
842,295050-0800,Toyota Dyna 2KD-FTV Bajo lub. 2010/08,23670-39425
843,295050-0800,Toyota Dyna 2KD-FTV Estándar 2010/08,23670-39425
844,295050-0800,Toyota Hiace 2KD-FTV Bajo lub. 2010/08,23670-39425
845,295050-0800,Toyota Hilux 2KD-FTV Bajo lub. 2010/08,23670-39425
846,295050-0800,Toyota Hilux 2KD-FTV Estándar 2010/08,23670-39425
847,295050-0801,Toyota Dyna 2KD-FTV Bajo lub. 2010/08,23670-39425
848,295050-0802,Toyota Hiace 2KD-FTV Estándar 2010/08,23670-39425
849,295050-0803,Toyota Hiace 2KD-FTV Bajo lub. 2010/08,23670-39425
850,295050-0804,Toyota Hilux 2KD-FTV Estándar 2010/08,23670-39425
851,295050-0805,Toyota Hilux 2KD-FTV Bajo lub. 2010/08,23670-39425
852,295050-0810,Toyota Dyna 2KD-FTV Bajo lub. 2010/08,23670-09380
853,295050-0810,Toyota Dyna 2KD-FTV Estándar 2010/08,23670-09380
854,295050-0810,Toyota Hiace 2KD-FTV Bajo lub. 2010/08,23670-09380
855,295050-0810,Toyota Hilux 2KD-FTV Bajo lub. 2010/08,23670-09380
856,295050-0810,Toyota Hilux 2KD-FTV Estándar 2010/08,23670-09380
857,295050-0811,Toyota Hiace 2KD-FTV Bajo lub. 2010/08,23670-09380
858,295050-0812,Toyota Hilux 2KD-FTV Estándar 2010/08,23670-09380
859,295050-0813,Toyota Hilux 2KD-FTV Bajo lub. 2010/08,23670-09380
860,295050-082,Toyota Dyna 1KD-FTV Euro4 2010/04,23670-39385
861,295050-083,Toyota Dyna 1KD-FTV Euro4 2010/04,23670-39395
862,295900-001,Lexus IS220 2AD-FHV 130kW Euro4 2006/01,23670-26011
863,295900-001,Lexus IS220 2AD-FHV 130kW Euro4 2006/01,23670-26011
864,295900-001,Lexus IS220 2AD-FTV 130KW 2006/01,23670-26011
865,295900-002,Lexus IS220 2AD-FHV 130kW Euro4 2006/01,23670-29055
866,295900-002,Lexus IS220 2AD-FHV 130kW Euro4 2006/01,23670-29055
867,295900-002,Lexus IS220 2AD-FTV 130KW 2006/01,23670-29055
868,295900-002,Replacement 295900-011,-
869,295900-003,Lexus IS220 2AD-FTV 130KW 2006/01,23670-26011
870,295900-003,Replacement HU295900-013,-
871,295900-004,Lexus IS220 2AD-FHV 130kW Euro5 2010/10,23670-26050
872,295900-004,Lexus IS220 2AD-FHV 130kW Euro5 2010/10,23670-26050
873,295900-004,Lexus IS220 2AD-FHV 2011/01,23670-26050
874,295900-004,Lexus IS220 2AD-FHV 2011/01,23670-26050
875,295900-004,Toyota RAV4 2AD-FHV DPNR 2009/01,23670-26050
876,295900-005,Lexus IS200 2AD-FHV 110kW Euro5 2010/10,23670-26060
877,295900-005,Lexus IS200 2AD-FHV 110kW Euro5 2011/01,23670-26060
878,295900-005,Toyota RAV4 2AD-FHV DPNR 2009/01,23670-26060
879,295900-005,Toyota RAV4 2AD-FTV DPF (CCO) 2009/01,23670-26060
880,295900-005,Toyota RAV4 2AD-FTV DPF 2009/01,23670-26060
881,295900-006,Toyota Auris 1AD-FTV 2009/01,23670-26070
882,295900-006,Toyota Auris 1AD-FTV DPF (CCO) 2009/01,23670-26070
883,295900-006,Toyota Corolla Verso 1AD-FTV 2009/01,23670-26070
884,295900-006,Toyota Corolla Verso 1AD-FTV DPF (CCO) 2009/01,23670-26070
885,295900-0070,Toyota Auris 2AD-FHV DPNR M130kW,23670-0R080
886,295900-0070,Toyota Avensis 2AD-FHV DPNR M130kW 2009/01,23670-0R080
887,295900-0070,Toyota Corolla Verso 2AD-FHV DPNR 2009/01,23670-0R080
888,295900-0080,Toyota Auris 2AD-FHV DPNR A110kW,23670-0R090
889,295900-0080,Toyota Avensis 2AD-FHV DPNR A110kW 2009/01,23670-0R090
890,295900-0080,Toyota Avensis 2AD-FTV DPF 2009/01,23670-0R090
891,295900-0080,Toyota Corolla Verso 2AD-FHV DPF 2009/01,23670-0R090
892,295900-0090,Toyota Auris 1AD-FTV DPF (CCO) 2009/01,23670-0R100
893,295900-0090,Toyota Avensis 1AD-FTV DPF (CCO) 2009/01,23670-0R100
894,295900-0090,Toyota Corolla 1AD-FTV DPF (CCO) 2009/01,23670-0R100
895,295900-0090,Toyota Corolla Verso 1AD-FTV DPF (CCO) 2009/01,23670-0R100
896,295900-010,Lexus IS220 2AD-FHV 130kW Euro4 2008/01,23670-26020
897,295900-010,Lexus IS220 2AD-FHV 130kW Euro4 2008/01,23670-26020
898,295900-010,Lexus IS220 2AD-FHV 130kW Euro4 2011/01,23670-26020
899,295900-010,Lexus IS220 2AD-FHV 130kW Euro4 2011/01,23670-26020
900,295900-010,Lexus IS220 2AD-FTV 130KW 2008/01,23670-26020
901,295900-010,Lexus IS220 2AD-FTV 130KW 2008/01,23670-26011
902,295900-010,Toyota Auris 2AD-FHV 130kW 2007/01,23670-26020
903,295900-010,Toyota Auris 2AD-FHV 130kW 2007/01,23670-26011
904,295900-010,Toyota Avensis 2AD-FHV 130kW 2005/07,23670-26020
905,295900-010,Toyota Avensis 2AD-FHV 130kW 2005/07,23670-26011
906,295900-010,Toyota Corolla 2AD-FHV 130kW 2006/10,23670-26020
907,295900-010,Toyota Corolla 2AD-FHV 130kW 2006/10,23670-26011
908,295900-010,Toyota Corolla 2AD-FHV 130kW 2006/11,23670-26020
909,295900-010,Toyota Corolla Verso 2AD-FHV 130kW 2005/10,23670-26020
910,295900-010,Toyota Corolla Verso 2AD-FHV 130kW 2005/10,23670-26011
911,295900-010,Toyota RAV4 2AD-FHV 130kW 2005/07,23670-26020
912,295900-010,Toyota RAV4 2AD-FHV 130kW 2005/07,23670-26011
913,295900-011,Lexus IS220 2AD-FHV 130kW Euro4 2008/01,23670-29105
914,295900-011,Lexus IS220 2AD-FHV 130kW Euro4 2008/01,23670-29105
915,295900-011,Lexus IS220 2AD-FHV 130kW Euro4 2011/01,23670-29105
916,295900-011,Lexus IS220 2AD-FHV 130kW Euro4 2011/01,23670-29105
917,295900-011,Lexus IS220 2AD-FTV 130KW 2008/01,23670-29055
918,295900-011,Lexus IS220 2AD-FTV 130KW 2008/01,23670-29105
919,295900-011,Toyota Auris 2AD-FHV 130kW 2007/01,23670-29055
920,295900-011,Toyota Auris 2AD-FHV 130kW 2007/01,23670-29105
921,295900-011,Toyota Avensis 2AD-FHV 130kW 2005/07,23670-29055
922,295900-011,Toyota Avensis 2AD-FHV 130kW 2005/07,23670-29105
923,295900-011,Toyota Corolla 2AD-FHV 130kW 2006/10,23670-29055
924,295900-011,Toyota Corolla 2AD-FHV 130kW 2006/10,23670-29105
925,295900-011,Toyota Corolla Verso 2AD-FHV 130kW 2005/10,23670-29055
926,295900-011,Toyota Corolla Verso 2AD-FHV 130kW 2005/10,23670-29105
927,295900-011,Toyota RAV4 2AD-FHV 130kW 2005/07,23670-29055
928,295900-011,Toyota RAV4 2AD-FHV 130kW 2005/07,23670-29105
929,295900-013,Toyota Auris 2AD-FHV 130kW 2008/01,23670-0R040
930,295900-013,Toyota Auris 2AD-FHV 130kW 2008/01,23670-0R041
931,295900-013,Toyota Auris 2AD-FHV 130kW 2011/01,23670-0R040
932,295900-013,Toyota Auris 2AD-FHV 130kW 2011/01,23670-0R041
933,295900-013,Toyota Avensis 2AD-FHV 130kW 2008/01,23670-0R040
934,295900-013,Toyota Avensis 2AD-FHV 130kW 2008/01,23670-0R041
935,295900-013,Toyota Corolla 2AD-FHV 130kW 2008/01,23670-0R040
936,295900-013,Toyota Corolla 2AD-FHV 130kW 2011/01,23670-0R040
937,295900-013,Toyota Corolla Verso 2AD-FHV 130kW 2008/01,23670-0R040
938,295900-013,Toyota Corolla Verso 2AD-FHV 130kW 2008/01,23670-0R041
939,295900-013,Toyota Corolla Verso 2AD-FHV 130kW 2011/01,23670-0R040
940,295900-013,Toyota Corolla Verso 2AD-FHV 130kW 2011/01,23670-0R041
941,295900-013,Toyota RAV4 2AD-FHV 130kW 2008/01,23670-0R040
942,295900-013,Toyota RAV4 2AD-FHV 130kW 2008/01,23670-0R041
943,295900-013,Toyota RAV4 2AD-FHV 130kW 2011/01,23670-0R040
944,295900-013,Toyota RAV4 2AD-FHV 130kW 2011/01,23670-0R041
945,295900-016,Lexus IS220 2AD-FHV 130kW Euro5 2010/10,23670-29135
946,295900-016,Lexus IS220 2AD-FHV 130kW Euro5 2010/10,23670-29135
947,295900-016,Lexus IS220 2AD-FHV 2011/01,23670-29135
948,295900-016,Lexus IS220 2AD-FHV 2011/01,23670-29135
949,295900-016,Toyota RAV4 2AD-FHV DPNR 2009/01,23670-29135
950,295900-017,Lexus IS200 2AD-FHV 110kW Euro5 2010/10,23670-29125
951,295900-017,Lexus IS200 2AD-FHV 110kW Euro5 2011/01,23670-29125
952,295900-017,Toyota RAV4 2AD-FHV DPNR 2009/01,23670-29125
953,295900-017,Toyota RAV4 2AD-FTV DPF (CCO) 2009/01,23670-29125
954,295900-017,Toyota RAV4 2AD-FTV DPF 2009/01,23670-29125
955,295900-018,Toyota Auris 1AD-FTV 2009/01,23670-29115
956,295900-018,Toyota Auris 1AD-FTV DPF (CCO) 2009/01,23670-29115
957,295900-018,Toyota Corolla Verso 1AD-FTV 2009/01,23670-29115
958,295900-018,Toyota Corolla Verso 1AD-FTV DPF (CCO) 2009/01,23670-29115
959,295900-019,Toyota Dyna 1KD-FTV Euro5 2010/10,23670-30150
960,295900-019,Toyota Hiace 1KD-FTV Euro5 2010/10,23670-30150
961,295900-019,Toyota Hilux 1KD-FTV Euro5 2011/08,23670-30170
962,295900-020,Toyota Dyna 1KD-FTV Euro5 2011/08,23670-30440
963,295900-021,Toyota Hilux 2KD-FTV Euro5 2011/08,23670-30450
964,295900-024,Toyota Dyna 1KD-FTV Euro5 2010/10,23670-39445
965,295900-024,Toyota Hiace 1KD-FTV Euro5 2010/10,23670-39445
966,295900-024,Toyota Hilux 1KD-FTV Euro5 2011/08,23670-39445
967,295900-025,Toyota Dyna 1KD-FTV Euro5 2011/08,23670-39435
968,295900-028,Toyota Hilux 2KD-FTV Euro5 2011/08,23670-39455
969,95000-560,Mitsubishi L200 4D56 Euro4 2006/02,1465A041
970,95000-724,Replacement HU095000-760,-
971,970950-0547,Replacement 9709500-547,-
972,9709500-547,Isuzu N-Series 4HK1 5.2 2007/01,8-97329703
973,9709500-547,Isuzu N-Series 4HK1 5.2 2007/01,8-97329703
974,9709500-547,Isuzu N-Series 4HK1 5.2L 2004/01,8-97329703
975,9709500-547,Isuzu N-Series 4HK1 5.2L 2004/01,8-97329703
976,9709500-547,Isuzu N-Series 4HK1 5.2L 2004/01,8-97329703-1
977,9709500-547,Isuzu N-Series 4JJ1 3.0L 2007/01,8-97329703
978,9709500-547,Isuzu N-Series 4JJ1 3.0L 2007/01,8-97329703
979,9709500-547,Isuzu N-Series 4JJ1 3.0L 2010/06,8-97329703-2
980,9709500-547,Isuzu N-Series 4JJ1 3.0L 2010/06,8-97329703
981,9709500-547,Isuzu N-Series 6HK1 7.8L 2007/01,8-97329703-2
982,9709500-547,Isuzu N-Series 6HK1 7.8L 2007/01,8-97329703-2
983,970950-0551,Replacement 9709500-551,-
984,9709500-551,Isuzu N-Series 6WG1 15.7L 2007/01,8-97603415-2
985,9709500-551,Isuzu N-Series 6WG1 15.7L 2007/01,8-97603415-2
986,970950-0610,Isuzu D-Max/Rodeo 4JJ1 3.0L 2007/01,8-98011604-0
987,970950-0610,Isuzu D-Max/Rodeo 4JJ1 3.0L 2007/01,8-98011604-0
988,970950-0630,Isuzu N-Series 6WA1 15.7 2007/01,1-15300436-0
989,970950-0630,Isuzu N-Series 6WA1 15.7 2007/01,1-15300436-0
990,970950-0630,Isuzu N-Series 6WA1 15.7L 2007/01,1-15300436-0
991,970950-0630,Isuzu N-Series 6WA1 15.7L 2007/01,1-15300436-0
992,9709500-630,Isuzu N-Series 6WA1 15.7 2007/01,1-15300436-0
993,9709500-630,Isuzu N-Series 6WA1 15.7 2007/01,1-15300436-0
994,9709500-630,Isuzu N-Series 6WA1 15.7L 2007/01,1-15300436-0
995,9709500-630,Isuzu N-Series 6WA1 15.7L 2007/01,1-15300436-0
996,970950-0636,Replacement 9709500-636,-
997,9709500-636,Isuzu Foward 4HK1 5.2L 2004/01,8-97609788-3
998,9709500-636,Isuzu Foward 4HK1 5.2L 2004/01,8-97609788-3
999,970950-0638,Replacement 9709500-638,-
1000,9709500-638,Isuzu Forward 6HK1,-
1001,970950-0698,Replacement 9709500-698,-
1002,9709500-698,Isuzu D-Max/Rodeo 4JJ1 3.0L 2009/05,8-98011604-1
1003,9709500-698,Isuzu D-Max/Rodeo 4JJ1 3.0L 2009/05,8-98011604-1
1004,970950-0803,Isuzu D-Max/Rodeo 4JJ1 3.0L Euro5 2009/10,8-98074909-0
1005,970950-0803,Isuzu D-Max/Rodeo 4JJ1 3.0L Euro5 2009/10,8-98074909-0
1006,970950-0890,Replacement 9709500-890,-
1007,9709500-890,Isuzu N-Series 4HK1 5.2L 2007/01,8-98151837-0
1008,9709500-890,Isuzu N-Series 4HK1 5.2L 2007/01,8-98151837-0
1009,9709500-890,Isuzu N-Series 4HK2 5.2L 2004/01,8-98151837-0
1010,9709500-890,Isuzu N-Series 6HK1 7.8L 2007/01,8-98151837-0
1011,9709500-890,Isuzu N-Series 6HK1 7.8L 2007/01,8-98151837-0
1012,HU095000-507,Nissan Almera (Tino) YD22 100kW 2004/01,16600-AW42
1013,HU095000-507,Nissan Almera (Tino) YD22 100kW 2004/01,16600-AW42
1014,HU095000-507,Nissan Primera YD22 100kW 2004/01,16600-AW42
1015,HU095000-507,Nissan Primera YD22 100kW 2004/01,16600-AW42
1016,HU095000-508,Opel Combo Z17DTH 2003/08,8-97313861
1017,HU095000-508,Opel Combo Z17DTH 2003/08,8-97313861
1018,HU095000-508,Opel Corsa Z17DTH 2003/08,8-97313861
1019,HU095000-508,Opel Corsa Z17DTH 2003/08,8-9731386
1020,HU095000-508,Opel Meriva Z17DTH 2003/08,8-97313861
1021,HU095000-508,Opel Meriva Z17DTH 2003/08,8-97313861
1022,HU095000-517,Nissan Almera (Tino) YD22 82kW 2004/01,16600-BN82
1023,HU095000-517,Nissan Almera (Tino) YD22 82kW 2004/01,16600-BN82
1024,HU095000-517,Nissan Primera YD22 82kW 2004/01,16600-BN82
1025,HU095000-517,Nissan Primera YD22 82kW 2004/01,16600-BN82
1026,HU095000-565,Nissan Navara YD25 Euro3 2005/07,16600-EB30
1027,HU095000-565,Nissan Navara YD25 Euro3 2005/07,16600-EB30
1028,HU095000-565,Nissan Pathfinder YD25 Euro3 2005/03,16600-EB30
1029,HU095000-565,Nissan Pathfinder YD25 Euro3 2005/03,16600-EB30
1030,HU095000-580,Citroen Jumper PUMA (I4) 2.2L (HDI) 2006/01,6C1Q-9K546-AC
1031,HU095000-580,Citroen Jumper PUMA (I4) 2.2L (HDI) 2007/02,6C1Q-9K546-AC
1032,HU095000-580,Citroen Jumper PUMA 2.2L (HDi) 2006/01,6C1Q-9K546-AC
1033,HU095000-580,Citroen Jumper PUMA 2.2L (HDi) 2007/02,6C1Q-9K546-AC
1034,HU095000-580,Fiat Ducato PUMA (I4) 2.2L (JTD) 2006/01,6C1Q-9K546-AC
1035,HU095000-580,Fiat Ducato PUMA (I4) 2.2L (JTD) 2007/02,6C1Q-9K546-AC
1036,HU095000-580,Fiat Ducato PUMA 2.2L (JTD) 2007/02,6C1Q-9K546-A
1037,HU095000-580,Fiat Ducato PUMA 2.2L (JTD) 2006/01,6C1Q-9K546-AC
1038,HU095000-580,Ford Transit PUMA (I4) 2.2L (TDCi) 2006/01,6C1Q-9K546-AC
1039,HU095000-580,Ford Transit PUMA (I4) 2.2L (TDCi) 2007/02,6C1Q-9K546-AC
1040,HU095000-580,Ford Transit PUMA 2.2L (TDCi) 2006/01,6C1Q-9K546-AC
1041,HU095000-580,Ford Transit PUMA 2.2L (TDCi) 2007/02,6C1Q-9K546-AC
1042,HU095000-580,Peugeot Boxer PUMA (I4) 2.2L (HDI) 2006/01,6C1Q-9K546-AC
1043,HU095000-580,Peugeot Boxer PUMA (I4) 2.2L (HDI) 2006/01,6C1Q-9K546-AC
1044,HU095000-580,Peugeot Boxer PUMA (I4) 2.2L (HDI) 2007/02,6C1Q-9K546-AC
1045,HU095000-580,Peugeot Boxer PUMA (I4) 2.2L (HDI) 2007/02,6C1Q-9K546-AC
1046,HU095000-580,Peugeot Boxer PUMA 2.2L (HDi) 2006/01,6C1Q-9K546-AC
1047,HU095000-580,Peugeot Boxer PUMA 2.2L (HDi) 2007/02,6C1Q-9K546-AC
1048,HU095000-581,Ford Transit PUMA (I4) 2.4L (TDCi) 2006/01,6C1Q-9K546-BB
1049,HU095000-581,Ford Transit PUMA (I4) 2.4L (TDCi) 2006/01,6C1Q-9K546-BB
1050,HU095000-581,Ford Transit PUMA 2.4L (TDCi) 2006/01,6C1Q-9K546-BB
1051,HU095000-581,Land Rover Defender PUMA 2.4L 2.4TD 2006/01,6C1Q-9K546-BB
1052,HU095000-591,Land Rover Defender PUMA (I4) 2.4 TD 2006/01,6C1Q-9K546-BB
1053,HU095000-591,Land Rover Defender PUMA (I4) 2.4 TD 2006/01,6C1Q-9K546-BB
1054,HU095000-613,Opel Astra A17DT Euro5 2009/06,8-97376270
1055,HU095000-613,Opel Astra A17DT Euro5 2009/06,8-97376270
1056,HU095000-613,Opel Astra Z17DTJ - Z17DTR EURO4 2007/01,8-97376270
1057,HU095000-613,Opel Astra Z17DTJ - Z17DTR EURO5 2009/01,8-97376270
1058,HU095000-613,Opel Astra Z17DTJ Z17DTR Euro4 2007/01,8-97376270
1059,HU095000-613,Opel Astra Z17DTJ Z17DTR Euro4 2007/01,8-97376270
1060,HU095000-613,Opel Astra Z17DTJ Z17DTR Euro4 2008/04,8-97376270
1061,HU095000-613,Opel Astra Z17DTJ Z17DTR Euro4 2008/04,8-97376270
1062,HU095000-613,Opel Astra Z17DTJ Z17DTR Euro4 2009/01,8-97376270
1063,HU095000-613,Opel Astra Z17DTJ Z17DTR Euro4 2009/01,8-97376270
1064,HU095000-613,Opel Corsa A17DT Euro5 2009/06,8-97376270
1065,HU095000-613,Opel Corsa A17DT Euro5 2009/06,8-97376270
1066,HU095000-613,Opel Corsa Z17DTR Euro4 2007/01,8-97376270
1067,HU095000-613,Opel Corsa Z17DTR Euro4 2007/01,8-97376270
1068,HU095000-613,Opel Corsa Z17DTR Euro4 2008/04,8-97376270
1069,HU095000-613,Opel Corsa Z17DTR Euro4 2008/04,8-97376270
1070,HU095000-613,Opel Meriva A17DT Euro5 2009/06,8-97376270
1071,HU095000-613,Opel Meriva A17DT Euro5 2009/06,8-97376270
1072,HU095000-613,Opel Meriva Z17DT Euro4 2007/01,8-97376270
1073,HU095000-613,Opel Meriva Z17DT Euro4 2007/01,8-97376270
1074,HU095000-613,Opel Meriva Z17DT Euro4 2008/04,8-97376270
1075,HU095000-613,Opel Meriva Z17DT Euro4 2008/04,8-97376270
1076,HU095000-613,Opel Zafira A17DT Euro5 2009/06,8-97376270
1077,HU095000-613,Opel Zafira A17DT Euro5 2009/06,8-97376270
1078,HU095000-613,Opel Zafira Z17DTJ - Z17DTR EURO5 2009/01,8-97376270
1079,HU095000-613,Opel Zafira Z17DTJ Euro4 2007/01,8-97376270
1080,HU095000-613,Opel Zafira Z17DTJ Euro4 2007/01,8-97376270
1081,HU095000-613,Opel Zafira Z17DTJ Euro4 2008/04,8-97376270
1082,HU095000-613,Opel Zafira Z17DTJ Euro4 2008/04,8-97376270
1083,HU095000-613,Opel Zafira Z17DTJ Z17DTR Euro4 2009/01,8-97376270
1084,HU095000-613,Opel Zafira Z17DTJ Z17DTR Euro4 2009/01,8-97376270
1085,HU095000-624,Nissan Cabstar YD25 Euro4 2006/10,16600-MB40
1086,HU095000-624,Nissan Cabstar YD25 Euro4 2006/10,16600-MB40
1087,HU095000-625,Nissan Navara YD25 Euro4 2006/10,16600-EC00
1088,HU095000-625,Nissan Navara YD25 Euro4 2006/10,16600-EC00
1089,HU095000-625,Nissan Pathfinder YD25 Euro4 2006/10,16600-EC00
1090,HU095000-625,Nissan Pathfinder YD25 Euro4 2006/10,16600-EC00
1091,HU095000-662,Ford Transit PUMA (I5) 3.2L (TDCi) 2008/01,7C16-9K546-AB
1092,HU095000-662,Ford Transit PUMA (I5) 3.2L (TDCi) 2008/01,7C16-9K546-AB
1093,HU095000-662,Ford Transit PUMA 3.2L (TDCi) 2008/01,7C16-9K546-AB
1094,HU095000-706,Ford Transit PUMA (I4) 2.4L (TDCi) 2008/04,6C1Q-9K546-BC
1095,HU095000-706,Ford Transit PUMA (I4) 2.4L (TDCi) 2008/04,6C1Q-9K546-BC
1096,HU095000-706,Ford Transit PUMA 2.4L (TDCi) 2008/04,6C1Q-9K546-BC
1097,HU095000-706,Land Rover Defender PUMA (I4) 2.4 TD 2007/02,6C1Q-9K546-BC
1098,HU095000-706,Land Rover Defender PUMA (I4) 2.4 TD 2007/02,6C1Q-9K546-BC
1099,HU095000-706,Land Rover Defender PUMA 2.4L 2.4TD 2007/02,6C1Q-9K546-BC
1100,HU095000-755,Toyota Avensis 1CD-FTV 2003/01,23670-0G010
1101,HU095000-755,Toyota Avensis 1CD-FTV 2003/01,23670-0G020
1102,HU095000-755,Toyota Avensis 1CD-FTV 2003/01,23670-0G030
1103,HU095000-755,Toyota Avensis 1CD-FTV 2003/01,23670-0G040
1104,HU095000-755,Toyota Avensis 1CD-FTV 2003/02,23670-0G010
1105,HU095000-755,Toyota Avensis 1CD-FTV 2003/02,23670-0G020
1106,HU095000-755,Toyota Avensis 1CD-FTV 2003/02,23670-0G030
1107,HU095000-755,Toyota Avensis 1CD-FTV 2003/02,23670-0G040
1108,HU095000-755,Toyota Avensis 1CD-FTV 2003/09,23670-0G010
1109,HU095000-755,Toyota Avensis 1CD-FTV 2003/09,23670-0G020
1110,HU095000-755,Toyota Avensis 1CD-FTV 2003/09,23670-0G030
1111,HU095000-755,Toyota Avensis 1CD-FTV 2003/09,23670-0G040
1112,HU095000-755,Toyota Avensis 1CD-FTV 2008/01,23670-0G040
1113,HU095000-755,Toyota Avensis Verso 1CD-FTV 2003/02,23670-0G010
1114,HU095000-755,Toyota Avensis Verso 1CD-FTV 2003/02,23670-0G020
1115,HU095000-755,Toyota Avensis Verso 1CD-FTV 2003/02,23670-0G030
1116,HU095000-755,Toyota Avensis Verso 1CD-FTV 2003/02,23670-0G040
1117,HU095000-755,Toyota Avensis Verso 1CD-FTV 2003/09,23670-0G010
1118,HU095000-755,Toyota Avensis Verso 1CD-FTV 2003/09,23670-0G020
1119,HU095000-755,Toyota Avensis Verso 1CD-FTV 2003/09,23670-0G030
1120,HU095000-755,Toyota Avensis Verso 1CD-FTV 2003/09,23670-0G040
1121,HU095000-755,Toyota Avensis Verso 1CD-FTV 2008/01,23670-0G010
1122,HU095000-755,Toyota Avensis Verso 1CD-FTV 2008/01,23670-0G020
1123,HU095000-755,Toyota Avensis Verso 1CD-FTV 2008/01,23670-0G030
1124,HU095000-755,Toyota Avensis Verso 1CD-FTV 2008/01,23670-0G040
1125,HU095000-755,Toyota Corolla 1CD-FTV 2003/02,23670-0G010
1126,HU095000-755,Toyota Corolla 1CD-FTV 2003/02,23670-0G020
1127,HU095000-755,Toyota Corolla 1CD-FTV 2003/02,23670-0G030
1128,HU095000-755,Toyota Corolla 1CD-FTV 2003/02,23670-0G040
1129,HU095000-755,Toyota Corolla 1CD-FTV 2003/09,23670-0G010
1130,HU095000-755,Toyota Corolla 1CD-FTV 2003/09,23670-0G020
1131,HU095000-755,Toyota Corolla 1CD-FTV 2003/09,23670-0G030
1132,HU095000-755,Toyota Corolla 1CD-FTV 2003/09,23670-0G040
1133,HU095000-755,Toyota Corolla 1CD-FTV 2008/01,23670-0G010
1134,HU095000-755,Toyota Corolla 1CD-FTV 2008/01,23670-0G020
1135,HU095000-755,Toyota Corolla 1CD-FTV 2008/01,23670-0G030
1136,HU095000-755,Toyota Corolla 1CD-FTV 2008/01,23670-0G040
1137,HU095000-755,Toyota Corolla Verso 1CD-FTV 2003/02,23670-0G010
1138,HU095000-755,Toyota Corolla Verso 1CD-FTV 2003/02,23670-0G020
1139,HU095000-755,Toyota Corolla Verso 1CD-FTV 2003/02,23670-0G030
1140,HU095000-755,Toyota Corolla Verso 1CD-FTV 2003/02,23670-0G040
1141,HU095000-755,Toyota Corolla Verso 1CD-FTV 2003/09,23670-0G010
1142,HU095000-755,Toyota Corolla Verso 1CD-FTV 2003/09,23670-0G020
1143,HU095000-755,Toyota Corolla Verso 1CD-FTV 2003/09,23670-0G030
1144,HU095000-755,Toyota Corolla Verso 1CD-FTV 2003/09,23670-0G040
1145,HU095000-755,Toyota Corolla Verso 1CD-FTV 2008/01,23670-0G010
1146,HU095000-755,Toyota Corolla Verso 1CD-FTV 2008/01,23670-0G020
1147,HU095000-755,Toyota Corolla Verso 1CD-FTV 2008/01,23670-0G030
1148,HU095000-755,Toyota Corolla Verso 1CD-FTV 2008/01,23670-0G040
1149,HU095000-758,Toyota Avensis 1CD-FTV 2003/01,23670-09030
1150,HU095000-758,Toyota Avensis 1CD-FTV 2003/01,23670-09250
1151,HU095000-758,Toyota Avensis 1CD-FTV 2003/02,23670-09030
1152,HU095000-758,Toyota Avensis 1CD-FTV 2003/02,23670-09220
1153,HU095000-758,Toyota Avensis 1CD-FTV 2003/02,23670-09250
1154,HU095000-758,Toyota Avensis 1CD-FTV 2003/09,23670-09030
1155,HU095000-758,Toyota Avensis 1CD-FTV 2003/09,23670-09250
1156,HU095000-758,Toyota Avensis 1CD-FTV 2008/01,23670-09250
1157,HU095000-758,Toyota Avensis Verso 1CD-FTV 2003/02,23670-09030
1158,HU095000-758,Toyota Avensis Verso 1CD-FTV 2003/02,23670-09220
1159,HU095000-758,Toyota Avensis Verso 1CD-FTV 2003/09,23670-09030
1160,HU095000-758,Toyota Avensis Verso 1CD-FTV 2003/09,23670-09220
1161,HU095000-758,Toyota Avensis Verso 1CD-FTV 2008/01,23670-09030
1162,HU095000-758,Toyota Avensis Verso 1CD-FTV 2008/01,23670-09220
1163,HU095000-758,Toyota Corolla 1CD-FTV 2003/02,23670-09030
1164,HU095000-758,Toyota Corolla 1CD-FTV 2003/02,23670-09220
1165,HU095000-758,Toyota Corolla 1CD-FTV 2003/09,23670-09030
1166,HU095000-758,Toyota Corolla 1CD-FTV 2003/09,23670-09220
1167,HU095000-758,Toyota Corolla 1CD-FTV 2008/01,23670-09030
1168,HU095000-758,Toyota Corolla 1CD-FTV 2008/01,23670-09220
1169,HU095000-758,Toyota Corolla Verso 1CD-FTV 2003/02,23670-09030
1170,HU095000-758,Toyota Corolla Verso 1CD-FTV 2003/02,23670-09220
1171,HU095000-758,Toyota Corolla Verso 1CD-FTV 2003/09,23670-09030
1172,HU095000-758,Toyota Corolla Verso 1CD-FTV 2003/09,23670-09220
1173,HU095000-758,Toyota Corolla Verso 1CD-FTV 2008/01,23670-09030
1174,HU095000-758,Toyota Corolla Verso 1CD-FTV 2008/01,23670-09220
1175,HU095000-760,Toyota Avensis 2AD-FTV 110kW 2005/07,23670-0R010
1176,HU095000-760,Toyota Avensis 2AD-FTV 110kW 2005/07,23670-0R060
1177,HU095000-760,Toyota Avensis 2AD-FTV 110kW 2005/07,23670-0R110
1178,HU095000-760,Toyota Avensis 2AD-FTV 110kW 2005/07,23670-0R160
1179,HU095000-760,Toyota Avensis 2AD-FTV 110kW 2008/01,23670-0R010
1180,HU095000-760,Toyota Avensis 2AD-FTV 110kW 2008/01,23670-0R060
1181,HU095000-760,Toyota Avensis 2AD-FTV 110kW 2008/01,23670-0R110
1182,HU095000-760,Toyota Avensis 2AD-FTV 110kW 2008/01,23670-0R160
1183,HU095000-760,Toyota Avensis 2AD-FTV 110kW 2011/01,23670-0R010
1184,HU095000-760,Toyota Avensis 2AD-FTV 110kW 2011/01,23670-0R060
1185,HU095000-760,Toyota Avensis 2AD-FTV 110kW 2011/01,23670-0R110
1186,HU095000-760,Toyota Avensis 2AD-FTV 110kW 2011/01,23670-0R160
1187,HU095000-761,Toyota Avensis 2AD-FTV 110kW 2005/07,23670-09130
1188,HU095000-761,Toyota Avensis 2AD-FTV 110kW 2005/07,23670-09200
1189,HU095000-761,Toyota Avensis 2AD-FTV 110kW 2005/07,23670-09260
1190,HU095000-761,Toyota Avensis 2AD-FTV 110kW 2008/01,23670-09130
1191,HU095000-761,Toyota Avensis 2AD-FTV 110kW 2008/01,23670-09200
1192,HU095000-761,Toyota Avensis 2AD-FTV 110kW 2008/01,23670-09260
1193,HU095000-761,Toyota Avensis 2AD-FTV 110kW 2011/01,23670-09130
1194,HU095000-761,Toyota Avensis 2AD-FTV 110kW 2011/01,23670-09200
1195,HU095000-761,Toyota Avensis 2AD-FTV 110kW 2011/01,23670-09260
1196,HU095000-763,Toyota Corolla Verso 2AD-FTV 100kW 2005/11,23670-0R020
1197,HU095000-763,Toyota Corolla Verso 2AD-FTV 100kW 2005/11,23670-0R070
1198,HU095000-763,Toyota Corolla Verso 2AD-FTV 100kW 2005/11,23670-0R120
1199,HU095000-763,Toyota Corolla Verso 2AD-FTV 100kW 2005/11,23670-0R170
1200,HU095000-763,Toyota RAV4 2AD-FTV 100kW 2005/12,23670-0R020
1201,HU095000-763,Toyota RAV4 2AD-FTV 100kW 2005/12,23670-0R070
1202,HU095000-763,Toyota RAV4 2AD-FTV 100kW 2005/12,23670-0R120
1203,HU095000-763,Toyota RAV4 2AD-FTV 100kW 2005/12,23670-0R170
1204,HU095000-764,Toyota Corolla Verso 2AD-FTV 100kW 2005/11,23670-09140
1205,HU095000-764,Toyota Corolla Verso 2AD-FTV 100kW 2005/11,23670-09210
1206,HU095000-764,Toyota Corolla Verso 2AD-FTV 100kW 2005/11,23670-09290
1207,HU095000-764,Toyota RAV4 2AD-FTV 100kW 2005/12,23670-09140
1208,HU095000-764,Toyota RAV4 2AD-FTV 100kW 2005/12,23670-09210
1209,HU095000-764,Toyota RAV4 2AD-FTV 100kW 2005/12,23670-09290
1210,HU095000-766,Toyota Auris 1AD-FTV 90kW 2007/01,23670-0R030
1211,HU095000-766,Toyota Auris 1AD-FTV 90kW 2007/01,23670-0R140
1212,HU095000-766,Toyota Auris 1AD-FTV 90kW 2007/01,23670-0R190
1213,HU095000-766,Toyota Auris 1AD-FTV 90kW 2008/01,23670-0R030
1214,HU095000-766,Toyota Auris 1AD-FTV 90kW 2008/01,23670-0R140
1215,HU095000-766,Toyota Auris 1AD-FTV 90kW 2008/01,23670-0R190
1216,HU095000-766,Toyota Auris 1AD-FTV 90kW 2011/01,23670-0R030
1217,HU095000-766,Toyota Auris 1AD-FTV 90kW 2011/01,23670-0R140
1218,HU095000-766,Toyota Auris 1AD-FTV 90kW 2011/01,23670-0R190
1219,HU095000-766,Toyota Avensis 1AD-FTV 90kW 2006/07,23670-0R030
1220,HU095000-766,Toyota Avensis 1AD-FTV 90kW 2006/07,23670-0R140
1221,HU095000-766,Toyota Avensis 1AD-FTV 90kW 2006/07,23670-0R190
1222,HU095000-766,Toyota Avensis 1AD-FTV 90kW 2008/01,23670-0R030
1223,HU095000-766,Toyota Avensis 1AD-FTV 90kW 2008/01,23670-0R140
1224,HU095000-766,Toyota Avensis 1AD-FTV 90kW 2008/01,23670-0R190
1225,HU095000-766,Toyota Avensis 1AD-FTV 90kW 2011/01,23670-0R030
1226,HU095000-766,Toyota Avensis 1AD-FTV 90kW 2011/01,23670-0R140
1227,HU095000-766,Toyota Avensis 1AD-FTV 90kW 2011/01,23670-0R190
1228,HU095000-766,Toyota Corolla 1AD-FTV 90kW 2006/07,23670-0R030
1229,HU095000-766,Toyota Corolla 1AD-FTV 90kW 2006/07,23670-0R140
1230,HU095000-766,Toyota Corolla 1AD-FTV 90kW 2006/07,23670-0R190
1231,HU095000-766,Toyota Corolla 1AD-FTV 90kW 2008/01,23670-0R030
1232,HU095000-766,Toyota Corolla 1AD-FTV 90kW 2008/01,23670-0R140
1233,HU095000-766,Toyota Corolla 1AD-FTV 90kW 2008/01,23670-0R190
1234,HU095000-766,Toyota Corolla 1AD-FTV 90kW 2011/01,23670-0R030
1235,HU095000-766,Toyota Corolla 1AD-FTV 90kW 2011/01,23670-0R140
1236,HU095000-767,Toyota Auris 1AD-FTV 90kW 2007/01,23670-09180
1237,HU095000-767,Toyota Auris 1AD-FTV 90kW 2007/01,23670-09240
1238,HU095000-767,Toyota Auris 1AD-FTV 90kW 2007/01,23670-09280
1239,HU095000-767,Toyota Auris 1AD-FTV 90kW 2008/01,23670-09180
1240,HU095000-767,Toyota Auris 1AD-FTV 90kW 2008/01,23670-09240
1241,HU095000-767,Toyota Auris 1AD-FTV 90kW 2008/01,23670-09280
1242,HU095000-767,Toyota Auris 1AD-FTV 90kW 2011/01,23670-09180
1243,HU095000-767,Toyota Auris 1AD-FTV 90kW 2011/01,23670-09240
1244,HU095000-767,Toyota Auris 1AD-FTV 90kW 2011/01,23670-09280
1245,HU095000-767,Toyota Avensis 1AD-FTV 90kW 2006/07,23670-09180
1246,HU095000-767,Toyota Avensis 1AD-FTV 90kW 2006/07,23670-09240
1247,HU095000-767,Toyota Avensis 1AD-FTV 90kW 2006/07,23670-09280
1248,HU095000-767,Toyota Avensis 1AD-FTV 90kW 2008/01,23670-09180
1249,HU095000-767,Toyota Avensis 1AD-FTV 90kW 2008/01,23670-09240
1250,HU095000-767,Toyota Avensis 1AD-FTV 90kW 2008/01,23670-09280
1251,HU095000-767,Toyota Avensis 1AD-FTV 90kW 2011/01,23670-09180
1252,HU095000-767,Toyota Avensis 1AD-FTV 90kW 2011/01,23670-09240
1253,HU095000-767,Toyota Avensis 1AD-FTV 90kW 2011/01,23670-09280
1254,HU095000-767,Toyota Corolla 1AD-FTV 90kW 2006/07,23670-09180
1255,HU095000-767,Toyota Corolla 1AD-FTV 90kW 2006/07,23670-09240
1256,HU095000-767,Toyota Corolla 1AD-FTV 90kW 2006/07,23670-09280
1257,HU095000-767,Toyota Corolla 1AD-FTV 90kW 2008/01,23670-09180
1258,HU095000-767,Toyota Corolla 1AD-FTV 90kW 2008/01,23670-09240
1259,HU095000-767,Toyota Corolla 1AD-FTV 90kW 2008/01,23670-09280
1260,HU095000-767,Toyota Corolla 1AD-FTV 90kW 2011/01,23670-09180
1261,HU095000-767,Toyota Corolla 1AD-FTV 90kW 2011/01,23670-09240
1262,HU095000-767,Toyota Corolla 1AD-FTV 90kW 2011/01,23670-09280
1263,HU095000-768,Toyota Auris 1AD-FTV 81kW 2007/01,23670-0R050
1264,HU095000-768,Toyota Auris 1AD-FTV 81kW 2007/01,23670-0R130
1265,HU095000-768,Toyota Auris 1AD-FTV 81kW 2007/01,23670-0R180
1266,HU095000-768,Toyota Auris 1AD-FTV 81kW 2008/01,23670-0R050
1267,HU095000-768,Toyota Auris 1AD-FTV 81kW 2008/01,23670-0R130
1268,HU095000-768,Toyota Auris 1AD-FTV 81kW 2008/01,23670-0R180
1269,HU095000-768,Toyota Auris 1AD-FTV 81kW 2011/01,23670-0R050
1270,HU095000-768,Toyota Auris 1AD-FTV 81kW 2011/01,23670-0R130
1271,HU095000-768,Toyota Auris 1AD-FTV 81kW 2011/01,23670-0R180
1272,HU095000-768,Toyota Avensis 1AD-FTV 81kW 2006/07,23670-0R050
1273,HU095000-768,Toyota Avensis 1AD-FTV 81kW 2006/07,23670-0R130
1274,HU095000-768,Toyota Avensis 1AD-FTV 81kW 2006/07,23670-0R180
1275,HU095000-768,Toyota Avensis 1AD-FTV 81kW 2008/01,23670-0R050
1276,HU095000-768,Toyota Avensis 1AD-FTV 81kW 2008/01,23670-0R180
1277,HU095000-768,Toyota Avensis 1AD-FTV 81kW 2011/01,23670-0R050
1278,HU095000-768,Toyota Avensis 1AD-FTV 81kW 2011/01,23670-0R180
1279,HU095000-768,Toyota Corolla 1AD-FTV 81kW 2006/07,23670-0R050
1280,HU095000-768,Toyota Corolla 1AD-FTV 81kW 2006/07,23670-0R180
1281,HU095000-768,Toyota Corolla 1AD-FTV 81kW 2008/01,23670-0R050
1282,HU095000-768,Toyota Corolla 1AD-FTV 81kW 2008/01,23670-0R180
1283,HU095000-768,Toyota Corolla 1AD-FTV 81kW 2011/01,23670-0R050
1284,HU095000-768,Toyota Corolla 1AD-FTV 81kW 2011/01,23670-0R180
1285,HU095000-768,Toyota Corolla Verso 1AD-FTV 81kW 2006/07,23670-0R050
1286,HU095000-768,Toyota Corolla Verso 1AD-FTV 81kW 2006/07,23670-0R180
1287,HU095000-768,Toyota Corolla Verso 1AD-FTV 81kW 2008/01,23670-0R050
1288,HU095000-768,Toyota Corolla Verso 1AD-FTV 81kW 2008/01,23670-0R180
1289,HU095000-768,Toyota Corolla Verso 1AD-FTV 81kW 2011/01,23670-0R050
1290,HU095000-768,Toyota Corolla Verso 1AD-FTV 81kW 2011/01,23670-0R180
1291,HU095000-768,Toyota Corolla Verso 2AD-FTV,23670-0R180
1292,HU095000-768,Toyota Corolla Verso 2AD-FTV 100kW 2008/01,23670-0R050
1293,HU095000-768,Toyota Corolla Verso 2AD-FTV 100kW 2008/01,23670-0R180
1294,HU095000-768,Toyota Corolla Verso 2AD-FTV 100kW 2011/01,23670-0R050
1295,HU095000-768,Toyota Corolla Verso 2AD-FTV 100kW 2011/01,23670-0R180
1296,HU095000-768,Toyota Corolla Verso 2AD-FTV 2008/01,23670-0R050
1297,HU095000-768,Toyota Corolla Verso 2AD-FTV 2008/01,23670-0R180
1298,HU095000-768,Toyota RAV4 1AD-FTV 81kW 2006/07,23670-0R050
1299,HU095000-768,Toyota RAV4 1AD-FTV 81kW 2006/07,23670-0R180
1300,HU095000-768,Toyota RAV4 1AD-FTV 81kW 2008/01,23670-0R050
1301,HU095000-768,Toyota RAV4 1AD-FTV 81kW 2008/01,23670-0R180
1302,HU095000-768,Toyota RAV4 1AD-FTV 81kW 2011/01,23670-0R050
1303,HU095000-768,Toyota RAV4 1AD-FTV 81kW 2011/01,23670-0R180
1304,HU095000-768,Toyota RAV4 2AD-FTV,23670-0R180
1305,HU095000-768,Toyota RAV4 2AD-FTV 2008/01,23670-0R050
1306,HU095000-768,Toyota RAV4 2AD-FTV 2008/01,23670-0R180
1307,HU095000-768,Toyota RAV4 2AD-FTV 2011/01,23670-0R050
1308,HU095000-768,Toyota RAV4 2AD-FTV 2011/01,23670-0R180
1309,HU095000-769,Toyota Auris 1AD-FTV 81kW 2007/01,23670-09190
1310,HU095000-769,Toyota Auris 1AD-FTV 81kW 2007/01,23670-09230
1311,HU095000-769,Toyota Auris 1AD-FTV 81kW 2007/01,23670-09270
1312,HU095000-769,Toyota Auris 1AD-FTV 81kW 2008/01,23670-09190
1313,HU095000-769,Toyota Auris 1AD-FTV 81kW 2008/01,23670-09230
1314,HU095000-769,Toyota Auris 1AD-FTV 81kW 2008/01,23670-09270
1315,HU095000-769,Toyota Auris 1AD-FTV 81kW 2011/01,23670-09190
1316,HU095000-769,Toyota Auris 1AD-FTV 81kW 2011/01,23670-09230
1317,HU095000-769,Toyota Auris 1AD-FTV 81kW 2011/01,23670-09270
1318,HU095000-769,Toyota Avensis 1AD-FTV 81kW 2006/07,23670-09190
1319,HU095000-769,Toyota Avensis 1AD-FTV 81kW 2006/07,23670-09230
1320,HU095000-769,Toyota Avensis 1AD-FTV 81kW 2006/07,23670-09270
1321,HU095000-769,Toyota Avensis 1AD-FTV 81kW 2008/01,23670-09230
1322,HU095000-769,Toyota Avensis 1AD-FTV 81kW 2008/01,23670-09270
1323,HU095000-769,Toyota Avensis 1AD-FTV 81kW 2011/01,23670-09230
1324,HU095000-769,Toyota Avensis 1AD-FTV 81kW 2011/01,23670-09270
1325,HU095000-769,Toyota Corolla 1AD-FTV 81kW 2006/07,23670-09190
1326,HU095000-769,Toyota Corolla 1AD-FTV 81kW 2006/07,23670-09230
1327,HU095000-769,Toyota Corolla 1AD-FTV 81kW 2006/07,23670-09270
1328,HU095000-769,Toyota Corolla 1AD-FTV 81kW 2008/01,23670-09190
1329,HU095000-769,Toyota Corolla 1AD-FTV 81kW 2008/01,23670-09230
1330,HU095000-769,Toyota Corolla 1AD-FTV 81kW 2008/01,23670-09270
1331,HU095000-769,Toyota Corolla 1AD-FTV 81kW 2011/01,23670-09190
1332,HU095000-769,Toyota Corolla 1AD-FTV 81kW 2011/01,23670-09230
1333,HU095000-769,Toyota Corolla Verso 1AD-FTV 81kW 2006/07,23670-09190
1334,HU095000-769,Toyota Corolla Verso 1AD-FTV 81kW 2006/07,23670-09270
1335,HU095000-769,Toyota Corolla Verso 1AD-FTV 81kW 2008/01,23670-09190
1336,HU095000-769,Toyota Corolla Verso 1AD-FTV 81kW 2008/01,23670-09270
1337,HU095000-769,Toyota Corolla Verso 1AD-FTV 81kW 2011/01,23670-09190
1338,HU095000-769,Toyota Corolla Verso 1AD-FTV 81kW 2011/01,23670-09270
1339,HU095000-769,Toyota Corolla Verso 2AD-FTV,23670-09270
1340,HU095000-769,Toyota Corolla Verso 2AD-FTV 100kW 2008/01,23670-09190
1341,HU095000-769,Toyota Corolla Verso 2AD-FTV 100kW 2008/01,23670-09270
1342,HU095000-769,Toyota Corolla Verso 2AD-FTV 100kW 2011/01,23670-09190
1343,HU095000-769,Toyota Corolla Verso 2AD-FTV 100kW 2011/01,23670-09270
1344,HU095000-769,Toyota Corolla Verso 2AD-FTV 2008/01,23670-09190
1345,HU095000-769,Toyota Corolla Verso 2AD-FTV 2008/01,23670-09270
1346,HU095000-769,Toyota RAV4 1AD-FTV 81kW 2006/07,23670-09230
1347,HU095000-769,Toyota RAV4 1AD-FTV 81kW 2006/07,23670-09270
1348,HU095000-769,Toyota RAV4 1AD-FTV 81kW 2008/01,23670-09230
1349,HU095000-769,Toyota RAV4 1AD-FTV 81kW 2008/01,23670-09270
1350,HU095000-769,Toyota RAV4 1AD-FTV 81kW 2011/01,23670-09230
1351,HU095000-769,Toyota RAV4 1AD-FTV 81kW 2011/01,23670-09270
1352,HU095000-769,Toyota RAV4 2AD-FTV,23670-09270
1353,HU095000-769,Toyota RAV4 2AD-FTV 2008/01,23670-09230
1354,HU095000-769,Toyota RAV4 2AD-FTV 2008/01,23670-09270
1355,HU095000-769,Toyota RAV4 2AD-FTV 2011/01,23670-09230
1356,HU095000-769,Toyota RAV4 2AD-FTV 2011/01,23670-09270
1357,HU095000-793,Ford Transit PUMA (I4) 2.4L (TDCi) 2009/06,9C1Q-9K546-BA
1358,HU095000-793,Ford Transit PUMA (I4) 2.4L (TDCi) 2009/06,9C1Q-9K546-BA
1359,HU095000-793,Ford Transit PUMA 3.2L (TDCi) 2009/06,9C1Q-9K546-BA
1360,HU095000-872,John Deere Tractor 4045T 6068T S350 Tier3 (4 cil.) 2005/12,RE529118
1361,HU095000-880,John Deere Tractor 4045T 6068T S350 Tier3 (4 cil.) 2005/12,RE529118
1362,HU095000-881,John Deere Tractor 4045T 6068T S350 Tier3 (4 cil.) 2005/12,RE532216
1363,HU295050-005,Opel Astra A17DTR Euro5 2010/01,5-5567729C-A
1364,HU295050-005,Opel Astra A17DTR Euro5 2010/01,5-5567729C-A
1365,HU295050-005,Opel Combo A17DTR Euro5 2010/01,5-5567729C-A
1366,HU295050-005,Opel Combo A17DTR Euro5 2010/01,5-5567729C-A
1367,HU295050-005,Opel Corsa A17DTR Euro5 2010/01,5-5567729C-A
1368,HU295050-005,Opel Corsa A17DTR Euro5 2010/01,5-5567729C-A
1369,HU295050-005,Opel Meriva A17DT Euro5 2010/01,5-5567729C-A
1370,HU295050-005,Opel Meriva A17DT Euro5 2010/01,5-5567729C-A
1371,HU295050-005,Opel Zafira A17DTR Euro5 2010/01,5-5567729C-A
1372,HU295050-005,Opel Zafira A17DTR Euro5 2010/01,5-5567729C-A
1373,HU295050-030,Nissan Murano YD25 Euro5 2010/02,16600-5X00
1374,HU295050-030,Nissan Murano YD25 Euro5 2010/02,16600-5X00
1375,HU295050-030,Nissan Navara YD25 Euro5 2010/01,16600-5X00
1376,HU295050-030,Nissan Navara YD25 Euro5 2010/01,16600-5X00
1377,HU295050-030,Nissan Pathfinder YD25 Euro5 2010/01,16600-5X00
1378,HU295050-030,Nissan Pathfinder YD25 Euro5 2010/01,16600-5X00
1379,HU295900-0070,Toyota Auris 2AD-FHV 130KW,23670-0R080
1380,HU295900-0070,Toyota Auris 2AD-FHV DPNR M130kW,23670-0R080
1381,HU295900-0070,Toyota Avensis 2AD-FHV 130kW 2009/01,23670-0R080
1382,HU295900-0070,Toyota Avensis 2AD-FHV DPNR M130kW 2009/01,23670-0R080
1383,HU295900-0070,Toyota Corolla Verso 2AD-FHV 2009/01,23670-0R080
1384,HU295900-0070,Toyota Corolla Verso 2AD-FHV DPNR 2009/01,23670-0R080
1385,HU295900-0080,Toyota Auris 2AD-FHV 110KW,23670-0R090
1386,HU295900-0080,Toyota Auris 2AD-FHV DPNR A110kW,23670-0R090
1387,HU295900-0080,Toyota Avensis 2AD-FHV 110kW 2009/01,23670-0R090
1388,HU295900-0080,Toyota Avensis 2AD-FHV DPNR A110kW 2009/01,23670-0R090
1389,HU295900-0080,Toyota Avensis 2AD-FTV DPF 2009/01,23670-0R090
1390,HU295900-0080,Toyota Corolla Verso 2AD-FHV 2009/01,23670-0R090
1391,HU295900-0080,Toyota Corolla Verso 2AD-FHV DPF 2009/01,23670-0R090
1392,HU295900-0090,Toyota Auris 1AD-FTV 2009/01,23670-0R100
1393,HU295900-0090,Toyota Auris 1AD-FTV DPF (CCO) 2009/01,23670-0R100
1394,HU295900-0090,Toyota Avensis 1AD-FTV DPF (CCO) 2009/01,23670-0R100
1395,HU295900-0090,Toyota Avensis 1AD-FTV DPF 2009/01,23670-0R100
1396,HU295900-0090,Toyota Corolla 1AD-FTV 2009/01,23670-0R100
1397,HU295900-0090,Toyota Corolla 1AD-FTV DPF (CCO) 2009/01,23670-0R100
1398,HU295900-0090,Toyota Corolla Verso 1AD-FTV 2009/01,23670-0R100
1399,HU295900-0090,Toyota Corolla Verso 1AD-FTV DPF (CCO) 2009/01,23670-0R100
1400,HU295900-013,Toyota Auris 2AD-FHV 130kW 2007/01,23670-0R041
1401,HU295900-013,Toyota Auris 2AD-FHV 130kW 2008/01,23670-0R040
1402,HU295900-013,Toyota Auris 2AD-FHV 130kW 2008/01,23670-0R041
1403,HU295900-013,Toyota Auris 2AD-FHV 130kW 2011/01,23670-0R040
1404,HU295900-013,Toyota Auris 2AD-FHV 130kW 2011/01,23670-0R041
1405,HU295900-013,Toyota Avensis 2AD-FHV 130kW 2005/07,23670-0R040
1406,HU295900-013,Toyota Avensis 2AD-FHV 130kW 2005/07,23670-0R041
1407,HU295900-013,Toyota Avensis 2AD-FHV 130kW 2008/01,23670-0R040
1408,HU295900-013,Toyota Avensis 2AD-FHV 130kW 2008/01,23670-0R041
1409,HU295900-013,Toyota Corolla 2AD-FHV 130kW 2006/10,23670-0R040
1410,HU295900-013,Toyota Corolla 2AD-FHV 130kW 2008/01,23670-0R040
1411,HU295900-013,Toyota Corolla 2AD-FHV 130kW 2011/01,23670-0R040
1412,HU295900-013,Toyota Corolla Verso 2AD-FHV 130kW 2005/10,23670-0R041
1413,HU295900-013,Toyota Corolla Verso 2AD-FHV 130kW 2008/01,23670-0R040
1414,HU295900-013,Toyota Corolla Verso 2AD-FHV 130kW 2008/01,23670-0R041
1415,HU295900-013,Toyota Corolla Verso 2AD-FHV 130kW 2011/01,23670-0R040
1416,HU295900-013,Toyota Corolla Verso 2AD-FHV 130kW 2011/01,23670-0R041
1417,HU295900-013,Toyota RAV4 2AD-FHV 130kW 2005/07,23670-0R041
1418,HU295900-013,Toyota RAV4 2AD-FHV 130kW 2008/01,23670-0R040
1419,HU295900-013,Toyota RAV4 2AD-FHV 130kW 2008/01,23670-0R041
1420,HU295900-013,Toyota RAV4 2AD-FHV 130kW 2011/01,23670-0R040
1421,HU295900-013,Toyota RAV4 2AD-FHV 130kW 2011/01,23670-0R041
1422,SM095000-543,Isuzu D-Max/Rodeo 4JJ1 3.0L 2007/01,8-97311372
1423,SM095000-543,Isuzu D-Max/Rodeo 4JJ1 3.0L 2007/01,8-97311372
1424,SM095000-543,Isuzu D-Max/Rodeo 4JJ1 3.0L 2007/01,8-97311372
1425,SM095000-552,Replacement SM095000-775,-
1426,SM095000-560,Mitsubishi L200 4D56 Euro3 2007/03,1465A041
1427,SM095000-560,Mitsubishi L200 4D56 Euro3 2010/01,1465A041
1428,SM095000-560,Mitsubishi L200 4D56 Euro3 2010/06,1465A041
1429,SM095000-560,Mitsubishi L200 4D56 Euro4 2006/02,1465A041
1430,SM095000-560,Mitsubishi L200 4D56 Euro4 2010/01,1465A041
1431,SM095000-560,Mitsubishi L200 4D56 Euro4 2010/06,1465A041
1432,SM095000-575,Isuzu D-Max/Rodeo 4JK1 2.5L 2007/01,8-97354811
1433,SM095000-575,Isuzu D-Max/Rodeo 4JK1 2.5L 2007/01,8-97354811
1434,SM095000-576,Mitsubishi Pajero/Montero 4M41 Euro3 2007/03,1465A054
1435,SM095000-576,Mitsubishi Pajero/Montero 4M41 Euro3 2010/01,1465A054
1436,SM095000-576,Mitsubishi Pajero/Montero 4M41 Euro3 2010/06,1465A054
1437,SM095000-576,Mitsubishi Pajero/Montero 4M41 Euro4 2006/12,1465A054
1438,SM095000-576,Mitsubishi Pajero/Montero 4M41 Euro4 2010/06,1465A054
1439,SM095000-610,Isuzu D-Max/Rodeo 4JJ1 3.0L 2007/01,8-98011604-0
1440,SM095000-610,Isuzu D-Max/Rodeo 4JJ1 3.0L 2007/01,8-98011604-0
1441,SM095000-617,Isuzu D-Max/Rodeo 4JK1 2.5L 2007/01,8-98011605-0
1442,SM095000-617,Isuzu D-Max/Rodeo 4JK1 2.5L 2007/01,8-98011605-0
1443,SM095000-619,Toyota Hiace 2KD-FTV 2005/08,23670-30100
1444,SM095000-619,Toyota Hilux 2KD-FTV 2005/08,23670-30100
1445,SM095000-698,Isuzu D-Max/Rodeo 4JJ1 3.0L 2009/05,8-98011604-1
1446,SM095000-698,Isuzu D-Max/Rodeo 4JJ1 3.0L 2009/05,8-98011604-1
1447,SM095000-699,Isuzu D-Max/Rodeo 4JK1 2.5L 2009/05,8-98011605-1
1448,SM095000-699,Isuzu D-Max/Rodeo 4JK1 2.5L 2009/05,8-98011605-1
1449,SM095000-699,Isuzu D-Max/Rodeo 4JK1 2.5L 2010/06,8-98011605-1
1450,SM095000-699,Isuzu D-Max/Rodeo 4JK1 2.5L 2010/06,8-98011605-1
1451,SM095000-749,Mitsubishi L200 4D56 DI-DC High Power 2009/01,1465A297
1452,SM095000-749,Mitsubishi L200 4D56 DI-DC High Power 2010/06,1465A297
1453,SM095000-750,Mitsubishi Pajero/Montero 4M41 DI-DC High Power 2009/01,1465A279
1454,SM095000-750,Mitsubishi Pajero/Montero 4M41 DI-DC High Power 2010/01,1465A279
1455,SM095000-775,Toyota Hiace 2KD-FTV 2005/07,23670-0L010
1456,SM095000-775,Toyota Hiace 2KD-FTV 2005/07,23670-0L011
1457,SM095000-775,Toyota Hiace 2KD-FTV 2005/07,23670-30240
1458,SM095000-775,Toyota Hiace 2KD-FTV 2005/07,23670-30300
1459,SM095000-775,Toyota Hilux 2KD-FTV 2004/06,23670-0L010
1460,SM095000-775,Toyota Hilux 2KD-FTV 2004/06,23670-0L070
1461,SM095000-775,Toyota Hilux 2KD-FTV 2004/06,23670-30300
1462,SM095000-775,Toyota Hilux 2KD-FTV 2005/07,23670-0L011
1463,SM095000-775,Toyota Hilux 2KD-FTV 2005/07,23670-30240
1464,SM095000-775,Toyota Hilux 2KD-FTV 2005/07,23670-30300
1465,SM095000-775,Toyota Land Cruiser 1KD-FTV Euro4 2007/06,23670-30300
1466,SM095000-776,Toyota Hiace 2KD-FTV 2005/07,23670-09060
1467,SM095000-776,Toyota Hiace 2KD-FTV 2005/07,23670-39235
1468,SM095000-776,Toyota Hiace 2KD-FTV 2005/07,23670-39275
1469,SM095000-776,Toyota Hilux 2KD-FTV 2004/06,23670-09060
1470,SM095000-776,Toyota Hilux 2KD-FTV 2004/06,23670-09360
1471,SM095000-776,Toyota Hilux 2KD-FTV 2004/06,23670-39275
1472,SM095000-776,Toyota Hilux 2KD-FTV 2005/07,23670-09060
1473,SM095000-776,Toyota Hilux 2KD-FTV 2005/07,23670-39235
1474,SM095000-776,Toyota Hilux 2KD-FTV 2005/07,23670-39275
1475,SM095000-811,Mitsubishi Pajero Sport 4M41 R/U 2009/01,1465A307
1476,SM095000-811,Mitsubishi Pajero Sport 4M41 R/U 2010/01,1465A307
1477,SM095000-811,Mitsubishi Pajero Sport 4M41 Russia/Ukraine 2007/03,1465A307
1478,SM095000-811,Mitsubishi Pajero Sport 4M41 Russia/Ukraine 2010/01,1465A307
1479,SM095000-811,Mitsubishi Pajero Sport 4M41 Russia/Ukraine 2010/06,1465A307
1480,SM295050-018,Toyota Hilux 1KD-FTV Euro4 2010/04,23670-0L090
1481,SM295050-018,Toyota Hilux 2KD-FTV Euro4 2010/04,23670-0L090
1482,SM295050-019,Toyota Hiace 1KD-FTV Euro4 2010/04,23670-0L100
1483,SM295050-052,Toyota Hilux 1KD-FTV Euro4 2010/04,23670-09350
1484,SM295050-052,Toyota Hilux 2KD-FTV Euro4 2010/04,23670-09350
1485,SM295050-053,Toyota Hiace 1KD-FTV Euro4 2010/04,23670-09340
1486,SM295050-0560,Mitsubishi Pajero/Montero 2010/10,1465A351
1487,SM295050-0800,Toyota Dyna 2KD-FTV Bajo lub. 2010/08,23670-39425
1488,SM295050-0800,Toyota Dyna 2KD-FTV Estándar 2010/08,23670-39425
1489,SM295050-0800,Toyota Hiace 2KD-FTV Estándar 2010/08,23670-39425
1490,SM295050-0800,Toyota Hilux 2KD-FTV Bajo lub. 2010/08,23670-39425
1491,SM295050-0800,Toyota Hilux 2KD-FTV Estándar 2010/08,23670-39425
1492,SM295050-0801,Toyota Dyna 2KD-FTV Bajo lub. 2010/08,23670-39425
1493,SM295050-0802,Toyota Hiace 2KD-FTV Estándar 2010/08,23670-39425
1494,SM295050-0803,Toyota Hiace 2KD-FTV Bajo lub. 2010/08,23670-39425
1495,SM295050-0804,Toyota Hilux 2KD-FTV Estándar 2010/08,23670-39425
1496,SM295050-0805,Toyota Hilux 2KD-FTV Bajo lub. 2010/08,23670-39425
1497,SM295050-0810,Toyota Dyna 2KD-FTV Bajo lub. 2010/08,23670-09380
1498,SM295050-0810,Toyota Dyna 2KD-FTV Estándar 2010/08,23670-09380
1499,SM295050-0810,Toyota Hiace 2KD-FTV Estándar 2010/08,23670-09380
1500,SM295050-0810,Toyota Hilux 2KD-FTV Bajo lub. 2010/08,23670-09380
1501,SM295050-0810,Toyota Hilux 2KD-FTV Estándar 2010/08,23670-09380
1502,SM295050-0811,Toyota Hiace 2KD-FTV Bajo lub. 2010/08,23670-09380
1503,SM295050-0812,Toyota Hilux 2KD-FTV Estándar 2010/08,23670-09380
1504,SM295050-0813,Toyota Hilux 2KD-FTV Bajo lub. 2010/08,23670-09380
