pump_code,pump_type
0 445 010 002,CP1S3/R65/10-1S
0 445 010 003,CP1S3/R55/10-1S
0 445 010 004,CP1K3/L60/10-S
0 445 010 006,CP1S3/R65/10-1S
0 445 010 007,CP1S3/R55/10-1S
0 445 010 008,CP1K3/L60/10-S
0 445 010 009,CP1S3/R70/10-1S
0 445 010 010,CP1S3/R65/10-16S
0 445 010 011,CP1S3/R55/10-1S
0 445 010 012,CP3S3/R80/30-789S
0 445 010 013,CP1SK3/L60/10-6S
0 445 010 014,CP1K3/L85/10-S
0 445 010 015,CP1K3/L60/10-S
0 445 010 016,CP3S3/R95/30-89S
0 445 010 018,CP1S3/R65/10-1S
0 445 010 019,CP1K3/L70/10-S
0 445 010 021,CP1S3/R70/10-16S
0 445 010 022,CP1S3/R65/10-1S
0 445 010 024,CP1SK3/L70/10-6S
0 445 010 025,CP1K3/R45/10-6S
0 445 010 026,CP3S3/R110/30-789S
0 445 010 027,CP1K3/L60/10-S
0 445 010 028,CP1S3/L70/10-1S
0 445 010 029,CP3S3/L110/30-789S
0 445 010 031,CP3S3/R70/30-789S
0 445 010 033,CP3S3/L70/20-789S
0 445 010 034,CP3S3/R70/20-789S
0 445 010 036,CP3S3/R95/30-89S
0 445 010 038,CP1K3/R70/10-S
0 445 010 039,CP3S3/R70/20-789S
0 445 010 041,CP3S3/R110/30-789S
0 445 010 042,CP3S3/R70/20-789S
0 445 010 043,CP3S3/R110/30-789S
0 445 010 044,CP3S3/R110/30-789S
0 445 010 045,CP3S3/R70/20-89S
0 445 010 046,CP1S3/R65/10-16S
0 445 010 047,CP3S3/R70/20-789S
0 445 010 048,CP3S3/L70/20-89S
0 445 010 049,CP1K3/R60/10-S
0 445 010 050,CP1K3/R60/10-S
0 445 010 052,CP3S3/R70-789S
0 445 010 071,CP1S3/R55/10-1S
0 445 010 072,CP1S3/R65/10-1S
0 445 010 073,CP3S3/R90/20-89S
0 445 010 074,CP3M3/R95/30-89S
0 445 010 075,CP3S3/R70/30-789S
0 445 010 076,CP3S3/R70/20-789S
0 445 010 078,CP3S3/L70/20-89S
0 445 010 079,CP1K3/R 85/10-S
0 445 010 080,CP1K3/R55/10S
0 445 010 081,CP3S3/L90/20-789S
0 445 010 082,CP3S3/L110/30-789S
0 445 010 084,CP3S3/R70/20-789S
0 445 010 085,CP3S3/R70/20-789S
0 445 010 086,CP3S3/R70/20-789S
0 445 010 087,CP3S3/R70/20-789S
0 445 010 088,CP3S3/R70/20-789S
0 445 010 089,CP3S3/R70/20-789S
0 445 010 090,CP3S3/R90/20-789S
0 445 010 091,CP3S3/L90/20-8911S
0 445 010 092,CP1K3/R 55/10-S
0 445 010 093,CP3S3/L70/20-789S
0 445 010 094,CP3S3/R110/30-789S
0 445 010 095,CP3S3/L90/20-8911S
0 445 010 096,CP3S3/L70/20-8911S
0 445 010 097,CP1H3/R70/10-89S
0 445 010 098,CP3S3/R75/20-789S
0 445 010 099,CP3S3/L70/20-789S
0 445 010 101,CP3S3/R70/20-789S
0 445 010 102,CP1H3/R70/10-7812S
0 445 010 104,CP3S3/R70/20-789S
0 445 010 105,CP3S3/R70/20-789S
0 445 010 106,CP3S3/R70/20-789S
0 445 010 107,CP3S3/L90/20-78911S
0 445 010 108,CP3S3/R95/20-89S
0 445 010 110,CP3S3/R110/30-8911S
0 445 010 111,CP3S3/R110/30-8911S
0 445 010 112,CP3S3/R70/20-789S
0 445 010 113,CP3S3/R70/20-789S
0 445 010 114,CP3S3/R70/20-789S
0 445 010 115,CP3S3/R110/30-789S
0 445 010 117,CP3S3/L110/30-8911S
0 445 010 118,CP1H3/R85/10-789S
0 445 010 119,CP3S3/L110/30-789S
0 445 010 120,CP3S3/L70/20-8911S
0 445 010 121,CP3S3/R110/30-89S
0 445 010 122,CP1H3/R70/10-89S
0 445 010 123,CP1H3/R80/10-89S
0 445 010 124,CP1H3/R75/10-789S
0 445 010 125,CP3S3/R90/20-789S
0 445 010 126,CP3S3/R70/20-89S
0 445 010 127,CP3S3/L70/20-89S
0 445 010 128,CP1H3/R70/10-89S
0 445 010 129,CP1H3/R80/10-89S
0 445 010 130,CP1H3/R70/10-89S
0 445 010 131,CP1H3/R85/10-789S
0 445 010 132,CP1S3/R65/10-1S
0 445 010 133,CP1H3/R85/10-789S
0 445 010 134,CP3S3/R70/20-78911S
0 445 010 135,CP3S3/L90/20-8911S
0 445 010 136,CP1H3/R85/10-789S
0 445 010 137,CP1H3/R70/10-89S
0 445 010 138,CP1K3/R55/10-S
0 445 010 139,CP1H3/R85/10-789S
0 445 010 140,CP1H3/L85/10-789S
0 445 010 141,CP3S3/L70/20-789S
0 445 010 142,CP1H3/R70/10-89S
0 445 010 143,CP3S3/L70/20-89S
0 445 010 144,CP3S3/L90/20-8911S
0 445 010 145,CP3S3/L90/20-8911S
0 445 010 146,CP3S3/R70/20-89S
0 445 010 147,CP1H3/L70/10-789S
0 445 010 148,CP1H3/R70/10-789S
0 445 010 149,CP3S3/L90/20-8911S
0 445 010 150,CP1H3/R70/10-89S
0 445 010 152,CP3S3/R90/20-89S
0 445 010 153,CP3S3/R70/20-8911S
0 445 010 154,CP1H3/R85/10-789S
0 445 010 155,CP1H3/R70/10-89S
0 445 010 156,CP1H3/R70/10-89S
0 445 010 157,CP1H3/R70/10-89S
0 445 010 158,CP1H3/R85/10-789S
0 445 010 159,CP1H3/R85/10-789S
0 445 010 162,CP1S3/R65/10-16S
0 445 010 163,CP1S3/R65/10-16S
0 445 010 164,CP1S3/R65/10-1S
0 445 010 165,CP1H3/R85/10-789S
0 445 010 166,CP1H3/R80/10-89S
0 445 010 167,CP3S3/L90/20-8911S
0 445 010 168,CP3S3/L70/20-8911S
0 445 010 169,CP1H3/R85/10-789S
0 445 010 170,CP1H3/L70/10-789S
0 445 010 171,CP1H3/R85/10-789S
0 445 010 173,CP1H3/R80/10-89S
0 445 010 176,CP1H3/R85/10-789S
0 445 010 177,CP1H3/R85/10-789S
0 445 010 178,CP1K3/R 55/10-S
0 445 010 179,CP1H3/R85/10-789S
0 445 010 180,CP1H3/R70/10-89S
0 445 010 181,CP1H3/R70/10-89S
0 445 010 182,CP1H3/R85/10-789S
0 445 010 183,CP1H3/R70/10-89S
0 445 010 184,CP1H3/R70/10-89S
0 445 010 185,CP1H3/R70/10-89S
0 445 010 186,CP1H3/R85/10-789S
0 445 010 187,CP1H3/R85/10-789S
0 445 010 188,CP1H3/R75/10-789S
0 445 010 190,CP3S3/L90/20-8911S
0 445 010 191,CP1H3/R85/10-789S
0 445 010 193,CP1H3/R70/10-89S
0 445 010 194,CP3S3/R70/20-89S
0 445 010 195,CP1H3/R85/10-789S
0 445 010 196,CP1H3/L85/10-789S
0 445 010 197,CP1H3/L85/10-789S
0 445 010 198,CP1H3/L85/10-789S
0 445 010 199,CP1H3/L85/10-789S
0 445 010 200,CP1H3/R85/10-789S
0 445 010 201,CP1K3/R55/10-S
0 445 010 202,CP1H3/R70/10-89S
0 445 010 203,CP1K3/R55/10-S
0 445 010 204,CP1H3/R70/10-89S
0 445 010 205,CP1H3/L70/10-789S
0 445 010 206,CP1H3/R75/10-789S
0 445 010 207,CP1H3/R85/10-789S
0 445 010 208,CP1H3/L70/10-789S
0 445 010 210,CP3HS3/L80/30-8911S
0 445 010 211,CP3HS3/L80/30-8911S
0 445 010 212,CP1H3/R70/10-789S
0 445 010 213,CP3S3/L90/20-78911S
0 445 010 214,CP3S3/R70/20-78911S
0 445 010 216,CP1H3/R70/10-789S
0 445 010 217,CP1H3/R85/10-789S
0 445 010 218,CP1H3/R70/10-789S
0 445 010 219,CP1H3/R85/10-789S
0 445 010 221,CP1H3/R85/10-789S
0 445 010 222,CP1H3/R70/10-89S
0 445 010 223,CP1H3/L70/10-789S
0 445 010 224,CP1H3/R85/10-789S
0 445 010 225,CP1H3/R85/10-789S
0 445 010 228,CP3S3/R75/20-89S
0 445 010 230,CP1H3/R85/10-789S
0 445 010 231,CP1H3/R80/10-89S
0 445 010 232,CP1H3/R80/10-89S
0 445 010 233,CP1H3/R80/10-89S
0 445 010 234,CP1H3/R70/10-789S
0 445 010 235,CP1H3/R85/10-789S
0 445 010 236,CP1H3/R70/10-89S
0 445 010 237,CP1H3/R85/10-789S
0 445 010 238,CP1H3/R85/10-89S
0 445 010 240,CP1H3/R85/10-789S
0 445 010 241,CP1H3/R70/10-89S
0 445 010 242,CP1H3/R70/10-89S
0 445 010 243,CP1H3/R70/10-89S
0 445 010 244,CP3HS3/L80/30-8911S
0 445 010 245,CP3HS3/L80/30-8911S
0 445 010 246,CP3HS3/L80/30-8911S
0 445 010 247,CP1H3/R70/10-89S
0 445 010 248,CP1H3/R70/10-89S
0 445 010 249,CP1H3/R70/10-89S
0 445 010 250,CP1H3/L70/10-89S
0 445 010 251,CP1H3/R85/10-789S
0 445 010 252,CP1H3/L85/10-89S
0 445 010 253,CP1K3/L60/10-S
0 445 010 254,CP1H3/R70/10-89S
0 445 010 255,CP1H3/R70/10-89S
0 445 010 256,CP1H3/R70/10-89S
0 445 010 257,CP1H3/R85/10-789S
0 445 010 258,CP3S3/R70/20-78911S
0 445 010 259,CP1H3/R85/10-89S
0 445 010 260,CP1H3/R70/10-89S
0 445 010 261,CP1H3/R85/10-789S
0 445 010 264,CP3S3/R70/20-8911S
0 445 010 265,CP1H3/R70/10-89S
0 445 010 266,CP1H3/R70/10-89S
0 445 010 267,CP1K3/R55/10-S
0 445 010 268,CP1K3/L60/10-S
0 445 010 269,CP1SK3/L60/10-6S
0 445 010 270,CP1K3/L85/10-S
0 445 010 271,CP1K3/L70/10-S
0 445 010 272,CP1SK3/L60/10-6S
0 445 010 273,CP1K3/R45/10-6S
0 445 010 274,CP1K3/L60/10-S
0 445 010 275,CP1SK3/L70/10-6S
0 445 010 276,CP1K3/R55/10S
0 445 010 277,CP1K3/R 55/10-S
0 445 010 278,CP1K3/R55/10-S
0 445 010 279,CP1K3/R70/10-S
0 445 010 280,CP1K3/R60/10-S
0 445 010 281,CP1K3/R 85/10-S
0 445 010 282,CP1S3/R65/10-16S
0 445 010 283,CP1S3/R65/10-16S
0 445 010 284,CP1S3/R65/10-1S
0 445 010 285,CP1H3/R80/10-89S
0 445 010 286,CP1H3/R70/10-89S
0 445 010 287,CP1H3/R70/10-89S
0 445 010 288,CP1H3/R70/10-89S
0 445 010 289,CP1H3/R75/10-789S
0 445 010 290,CP1H3/R75/10-789S
0 445 010 291,CP1H3/R70/10-89S
0 445 010 292,CP1H3/R70/10-89S
0 445 010 293,CP1H3/R70/10-89S
0 445 010 294,CP1H3/R80/10-89S
0 445 010 295,CP1H3/L85/10-789S
0 445 010 296,CP1H3/R70/10-7812S
0 445 010 297,CP1H3/R85/10-789S
0 445 010 298,CP1H3/R85/10-789S
0 445 010 300,CP1H3/R70/10-89S
0 445 010 301,CP1H3/R70/10-89S
0 445 010 302,CP1H3/R70/10-89S
0 445 010 303,CP1H3/R70/10-89S
0 445 010 304,CP1H3/R70/10-89S
0 445 010 305,CP1H3/R70/10-89S
0 445 010 306,CP1H3/R70/10-89S
0 445 010 307,CP1H3/R70/10-89S
0 445 010 308,CP1H3/R80/10-89S
0 445 010 309,CP1H3/R80/10-89S
0 445 010 310,CP1H3/R70/10-89S
0 445 010 311,CP1H3/R70/10-89S
0 445 010 312,CP1H3/R85/10-789S
0 445 010 313,CP1H3/R85/10-789S
0 445 010 314,CP1H3/R85/10-789S
0 445 010 315,CP1H3/R70/10-89S
0 445 010 316,CP1H3/R70/10-89S
0 445 010 317,CP1H3/R70/10-89S
0 445 010 318,CP1H3/R70/10-89S
0 445 010 319,CP1H3/R70/10-89S
0 445 010 320,CP1H3/R70/10-89S
0 445 010 321,CP1H3/R70/10-89S
0 445 010 322,CP3HS3/L80/30-8911S
0 445 010 323,CP3HS3/L80/30-8911S
0 445 010 324,CP1H3/L85/10-789S
0 445 010 327,CP1H3/R85/10-789S
0 445 010 328,CP1H3/R85/10-789S
0 445 010 329,CP1H3/R85/10-789S
0 445 010 330,CP1H3/R85/10-789S
0 445 010 331,CP1H3/R85/10-789S
0 445 010 332,CP1H3/R70/10-89S
0 445 010 333,CP1H3/R85/10-789S
0 445 010 334,CP3S3/L110/30-789S
0 445 010 335,CP3S3/R95/30-89S
0 445 010 336,CP3S3/L90/20-8911S
0 445 010 339,CP3S3/L110/30-8911S
0 445 010 340,CP3S3/L110/30-789S
0 445 010 341,CP3S3/L70/20-8911S
0 445 010 342,CP3S3/R110/30-89S
0 445 010 343,CP3S3/R90/20-789S
0 445 010 344,CP3S3/L70/20-89S
0 445 010 345,CP3S3/L90/20-8911S
0 445 010 346,CP3S3/L70/20-89S
0 445 010 347,CP3S3/L90/20-8911S
0 445 010 348,CP3S3/R70/20-8911S
0 445 010 349,CP1H3/R80/10-89S
0 445 010 350,CP1H3/R80/10-89S
0 445 010 351,CP1H3/L70/10-789S
0 445 010 352,CP3S3/L70/20-8911S
0 445 010 354,CP3S3/R70-789S
0 445 010 355,CP3S3/R70/20-789S
0 445 010 356,CP3S3/L90/20-8911S
0 445 010 357,CP3S3/L90/20-8911S
0 445 010 358,CP3S3/L110/30-789S
0 445 010 359,CP3HS3/L80/30-8911S
0 445 010 360,CP3HS3/L80/30-8911S
0 445 010 361,CP3HS3/L80/30-8911S
0 445 010 362,CP3HS3/L80/30-8911S
0 445 010 363,CP3HS3/L80/30-8911S
0 445 010 365,CP1H3/R70/10-89S
0 445 010 367,CP1H3/R85/10-789S
0 445 010 368,CP1H3/R85/10-789S
0 445 010 369,CP1H3/R85/10-789S
0 445 010 370,CP1H3/R85/10-789S
0 445 010 371,CP1H3/R70/10-89S
0 445 010 372,CP1H3/R85/10-789S
0 445 010 373,CP1H3/R85/10-789S
0 445 010 374,CP1H3/R85/10-789S
0 445 010 375,CP1H3/R85/10-789S
0 445 010 376,CP1H3/R85/10-789S
0 445 010 377,CP1H3/R85/10-789S
0 445 010 378,CP1H3/R70/10-89S
0 445 010 379,CP1H3/R85/10-789S
0 445 010 381,CP1H3/R70/10-89S
0 445 010 382,CP1H3/R70/10-89S
0 445 010 383,CP1H3/R70/10-89S
0 445 010 384,CP1H3/R85/10-789S
0 445 010 385,CP1H3/L85/10-89S
0 445 010 386,CP1K3/L60/10-S
0 445 010 387,CP1H3/R70/10-89S
0 445 010 388,CP1H3/R70/10-89S
0 445 010 389,CP1H3/R80/10-89S
0 445 010 390,CP1H3/R85/10-789S
0 445 010 391,CP1H3/R85/10-789S
0 445 010 392,CP3S3/R70/20-78911S
0 445 010 393,CP1H3/R70/10-89S
0 445 010 394,CP1H3/R70/10-89S
0 445 010 397,CP1H3/R70/10-89S
0 445 010 398,CP1H3/R85/10-789S
0 445 010 399,CP1H3/R85/10-789S
0 445 010 400,CP1H3/R70/10-89S
0 445 010 401,CP1H3/R70/10-89S
0 445 010 402,CP1H3/R85/10-789S
0 445 010 403,CP1H3/R85/10-789S
0 445 010 405,CP1K3/R55/10-S
0 445 010 406,CP1H3/L85/10-89S
0 445 010 407,CP1H3/R70/10-89S
0 445 010 408,CP1H3/R70/10-89S
0 445 010 409,CP1H3/R85/10-789S
0 445 010 410,CP1H3/R85/10-789S
0 445 010 411,CP1H3/R85/10-789S
0 445 010 412,CP1K3/R 55/10-S
0 445 010 413,CP1K3/R55/10-S
0 445 010 414,CP1H3/R70/10-89S
0 445 010 415,CP1H3/R85/10-789S
0 445 010 416,CP1H3/R85/10-789S
0 445 010 418,CP1H3/R85/10-789S
0 445 010 419,CP1H3/R85/10-789S
0 445 010 420,CP1H3/R85/10-789S
0 445 010 421,CP1H3/R70/10-89S
0 445 010 422,CP1H3/R70/10-89S
0 445 010 423,CP1H3/R70/10-89S
0 445 010 424,CP1H3/R70/10-89S
0 445 010 425,CP1H3/R70/10-89S
0 445 010 426,CP1H3/R70/10-89S
0 445 010 427,CP1H3/L70/10-89S
0 445 010 428,CP1H3/R85/10-789S
0 445 010 429,CP1H3/R85/10-789S
0 445 010 430,CP1H3/R85/10-89S
0 445 010 431,CP1H3/R85/10-89S
0 445 010 432,CP1H3/R85/10-89S
0 445 010 433,CP1H3/R85/10-89S
0 445 010 434,CP1H3/R85/10-789S
0 445 010 435,CP1H3/R85/10-789S
0 445 010 438,CP1H3/R70/10-89S
0 445 010 439,CP1H3/L70/10-89S
0 445 010 440,CP1H3/R85/10-789S
0 445 010 441,CP1H3/R70/10-89S
0 445 010 442,CP1H3/R70/10-89S
0 445 010 443,CP1H3/R70/10-89S
0 445 010 444,CP1H3/R70/10-89S
0 445 010 445,CP1H3/R70/10-89S
0 445 010 446,CP1H3/R70/10-89S
0 445 010 449,CP1H3/R70/10-89S
0 445 010 450,CP1H3/R70/10-89S
0 445 010 451,CP1H3/R85/10-789S
0 445 010 452,CP1H3/R70/10-89S
0 445 010 453,CP1H3/R85/10-789S
0 445 010 454,CP1H3/R85/10-789S
0 445 010 455,CP1H3/R70/10-89S
0 445 010 456,CP1H3/R85/10-789S
0 445 010 457,CP1H3/R85/10-789S
0 445 010 458,CP1H3/L85/10-789S
0 445 010 460,CP1H3/R85/10-789S
0 445 010 461,CP1H3/L85/10-789S
0 445 010 463,CP1H3/R70/10-89S
0 445 010 464,CP1H3/R85/10-789S
0 445 010 465,CP1H3/R85/10-89S
0 445 010 466,CP1H3/R70/10-89S
0 445 010 467,CP1H3/R70/10-89S
0 445 010 468,CP1H3/L85/10-789S
0 445 010 469,CP1H3/R85/10-789S
0 445 010 471,CP1H3/R85/10-789S
0 445 010 472,CP1H3/R85/10-789S
0 445 010 474,CP1H3/R85/10-789S
0 445 010 475,CP1H3/R85/10-789S
0 445 010 476,CP1H3/R70/10-89S
0 445 010 477,CP1H3/R70/10-89S
0 445 010 478,CP1H3/R85/10-789S
0 445 010 479,CP1H3/R85/10-789S
0 445 010 484,CP1H3/L85/10-789S
0 445 010 506,CP4S1/L40/20
0 445 010 507,CP4S1/R35/20S
0 445 010 508,CP4S1/R35/20S
0 445 010 509,CP4S1/L35/20
0 445 010 510,CP4S1/L35/20
0 445 010 511,CP4S1/R40/20S
0 445 010 512,CP4S1/R45/20S
0 445 010 513,CP4HS1/R40/20S
0 445 010 514,CP4S1/R40/20S
0 445 010 516,CP4S1/R30/20-S
0 445 010 517,CP4S1/L40/20
0 445 010 518,CP4S1/L30/20
0 445 010 519,CP4S1/L30/20
0 445 010 520,CP4S1/R35/20S
0 445 010 521,CP4S1/L35/20
0 445 010 522,CP4S1/R40/20S
0 445 010 523,CP4S1/R40/20S
0 445 010 524,CP4S1/L35/20
0 445 010 525,CP4S1/R45/20S
0 445 010 526,CP4S1/R40/20S
0 445 010 527,CP4S1/R40/20S
0 445 010 528,CP4S1/L40/20
0 445 010 529,CP4S1/R40/20-S
0 445 010 530,CP4S1/R30/10-S
0 445 010 531,CP4S1/R30/20-S
0 445 010 532,CP4S1/R40/20S
0 445 010 533,CP4S1/R40/20S
0 445 010 534,CP4S1/R40/20-S
0 445 010 535,CP4S1/R40/20-S
0 445 010 536,CP4S1/R30/20-S
0 445 010 537,CP4S1/R35/10-S
0 445 010 538,CP4S1/R35/10-S
0 445 010 539,CP4S1/R30/20-S
0 445 010 540,CP4-20/1
0 445 010 541,CP4S1/R35/20-S
0 445 010 542,CP4S1/R35/20-S
0 445 010 543,CP4S1/R35/20S
0 445 010 544,CP4S1/R40/20S
0 445 010 545,CP4S1/R45/20S
0 445 010 546,CP4S1/R35/20S
0 445 010 547,CP4S1/L35/20
0 445 010 548,CP4S1/R30/20
0 445 010 549,CP4S1/R30/20
0 445 010 550,CP4HS1/R40/20S
0 445 010 551,CP4S1/R40/20S
0 445 010 552,CP4S1/R30/20-S
0 445 010 553,CP4S1/L40/20
0 445 010 554,CP4S1/L30/20
0 445 010 555,CP4S1/R35/20S
0 445 010 556,CP4S1/R40/20S
0 445 010 557,CP4S1/R40/20S
0 445 010 558,CP4S1/L35/20
0 445 010 559,CP4S1/R45/20S
0 445 010 560,CP4S1/R40/20S
0 445 010 561,CP4S1/L40/20
0 445 010 562,CP4S1/R40/20-S
0 445 010 563,CP4S1/R30/10-S
0 445 010 564,CP4S1/R30/20-S
0 445 010 565,CP4S1/R40/20S
0 445 010 566,CP4S1/R40/20S
0 445 010 567,CP4S1/R40/20-S
0 445 010 568,CP4S1/R40/20-S
0 445 010 569,CP4S1/R30/20-S
0 445 010 570,CP4S1/R35/10-S
0 445 010 571,CP4S1/R30/20-S
0 445 010 572,CP4-20/1
0 445 010 573,CP4S1/L40/20
0 445 010 574,CP4S1/L40/20
0 445 010 575,CP4S1/R40/20-S
0 445 010 576,CP4S1/R30/20-S
0 445 010 577,CP4S1/R30/20-S
0 445 010 578,CP4S1/R45/10-S
0 445 010 579,CP4S1/R45/10-S
0 445 010 580,CP4S1/L40/20
0 445 010 581,CP4S1/L35/20
0 445 010 582,CP4S1/L35/20
0 445 010 583,CP4S1/R35/10-S
0 445 010 584,CP4S1/R40/20-S
0 445 010 585,CP4S1/R50/20
0 445 010 586,CP4S1/R50/20
0 445 010 587,CP4
0 445 010 588,CP4
0 445 010 591,CP4S1/R45/10
0 445 010 592,CP4S1/R45/10
0 445 010 593,CP4S1/R50/20
0 445 010 594,CP4S1/R50/20
0 445 010 595,CP4S1/R57/20S
0 445 010 596,CP4S1/R57/20S
0 445 010 597,CP4S1/R40/20S
0 445 010 598,CP4S1/R40/20S
0 445 010 611,CP4S2/R65/40S
0 445 010 612,CP4S2/R80/40
0 445 010 613,CP4S2/R75/40
0 445 010 614,CP4S2/L75/40
0 445 010 616,CP4S2/R90/40
0 445 010 617,CP4S2/L70/40
0 445 010 618,CP4S2/R90/40S
0 445 010 619,CP4S2/L75/40
0 445 010 623,CP4HS2/L75/40
0 445 010 624,CP4HS2/L75/40S
0 445 010 625,CP4HS2/L70/40
0 445 010 626,CP4HS2/R70/40
0 445 010 628,CP4S2/R80/40
0 445 010 629,CP4S2/L75/40
0 445 010 631,CP4S2/R75/40
0 445 010 632,CP4HS2/R75/40
0 445 010 634,CP4S2/L75/40S
0 445 010 635,CP4S2/R70/40
0 445 010 636,CP4HS2/L80/8914
0 445 010 637,CP4HS2/R80/8914
0 445 010 638,CP4S2/L75/40S
0 445 010 639,CP4S2/R65/40S
0 445 010 640,CP4S2/R75/40
0 445 010 641,CP4S2/R75/40
0 445 010 642,CP4HS2/R75/40
0 445 010 643,CP4HS2/R80/40-S
0 445 010 644,CP4HS2/R75/40-S
0 445 010 645,CP4HS2/L930/40-89S
0 445 010 646,CP4S2/R65/40S
0 445 010 647,CP4S2/R75/40
0 445 010 648,CP4HS2/R99/40S
0 445 010 649,CP4HS2/R90/40
0 445 010 650,CP4HS2/L75/40S
0 445 010 653,CP4S2/R70/40S
0 445 010 654,CP4S2/R75/40
0 445 010 655,CP4S2/R90/40S
0 445 010 656,CP4S2/R75/40
0 445 010 657,CP4S2/R75/40
0 445 010 658,CP4HS2/R75/40
0 445 010 659,CP4S2/R65/40S
0 445 010 662,CP4S2/L75/40
0 445 010 663,CP4S2/L75/40
0 445 010 665,CP4HS2/L75/40
0 445 010 667,CP4S2/L75/40S
0 445 010 668,CP4S2/L75/40S
0 445 010 669,CP4S2/R65/40S
0 445 010 670,CP4HS2/R80/40-S
0 445 010 671,CP4HS2/R75/40-S
0 445 010 672,CP4HS2/L930/40-89S
0 445 010 673,CP4S2/R65/40S
0 445 010 674,CP4S2/R75/40
0 445 010 675,CP4HS2/L75/40S
0 445 010 676,CP4HS2/R75/40
0 445 010 677,CP4HS2/R75/40
0 445 010 678,CP4S2/L75/40S
0 445 010 679,CP4S2/L75/40S
0 445 010 680,CP4S2/R90/40S
0 445 010 681,CP4S2/R90/40S
0 445 010 682,CP4S2/R75/40
0 445 010 683,CP4S2/R75/40
0 445 010 684,CP4HS2/R80/8914-S
0 445 010 685,CP4S2/R65/40S
0 445 010 686,CP4S2/R65/40S
0 445 010 687,CP4S2/R90/40
0 445 010 688,CP4S2/L70/40
0 445 010 689,CP4HS2/L80/8914
0 445 010 690,CP4HS2/R80/40-S
0 445 010 691,CP4HS2/R80/40-S
0 445 010 692,CP4HS2/R75/40-S
0 445 010 693,CP4HS2/R75/40-S
0 445 010 694,CP4S2/R75/40
0 445 010 695,CP4S2/R75/40
0 445 010 696,CP4HS2/R80/8914
0 445 010 697,CP4HS2/L86/40
0 445 010 698,CP4HS2/L86/40
0 445 010 699,CP4HS2/R80/8914
0 445 010 701,CP4-20/1
0 445 010 702,CP4S1/L30/20
0 445 010 703,CP4HS1/R40/20
0 445 010 704,CP4S1/R30/10-S
0 445 010 705,CP4S1/L46/20
0 445 010 706,CP4S1/L46/20
0 445 010 707,CP4S1/L40/20
0 445 010 709,CP4
0 445 010 711,CP4S1/L35/20
0 445 010 713,CP4S1/L35/20
0 445 010 715,CP4S1/L35/20
0 445 010 717,CP4S1/L35/20
0 445 010 719,CP4S1/L40/20
0 445 010 721,CP4-20/1
0 445 010 723,CP4S1/L30/20
0 445 010 725,CP4S1/L30/20
0 445 010 727,CP4-20/1
0 445 010 729,CP4S1/R40/20-S
0 445 010 731,CP4S1/R30/10
0 445 010 734,CP4S1/R40/20-S
0 445 010 735,CP4S1/L50/10
0 445 010 736,CP4S1/L50/10
0 445 010 738,CP4S1/R45/10-S
0 445 010 739,CP4S1/R45/10-S
0 445 010 740,CP4S1/R40/20S
0 445 010 741,CP4S1/R40/20S
0 445 010 748,CP4S1/R30/10
0 445 010 749,CP4S1/R30/10
0 445 010 755,CP4
0 445 010 756,CP4
0 445 010 764,CP4
0 445 010 801,CP4HS2/L75/40S
0 445 010 802,CP4S2/R90/40
0 445 010 804,CP4HS2/R99/40S
0 445 010 805,CP4HS2/L90/40S
0 445 010 806,CP4HS2/L90/40S
0 445 010 807,CP4HS2/L75/40
0 445 010 808,CP4S2/L75/40S
0 445 010 809,CP4S2/L70/40
0 445 010 810,CP4HS2/R99/40S
0 445 010 813,CP4HS2/L90/40S
0 445 010 814,CP4HS2/L90/40S
0 445 010 817,CP4S2/R90/40
0 445 010 818,CP4
0 445 010 819,CP4
0 445 010 820,CP4HS2/L86/40
0 445 010 821,CP4HS2/L86/40
0 445 010 832,CP4S2/L75/40
0 445 010 833,CP4S2/L75/40
0 445 010 835,CP4S2/R80/40
0 445 020 002,CP1S3/R70/10-16S
0 445 020 005,CP3S3/R110/30-789S
0 445 020 006,CP1S3/R75/10-16S
0 445 020 007,CP3S3/L110/30-789S
0 445 020 008,CP3S3/R90/20-789S
0 445 020 011,CP3S3/R110/20-789S
0 445 020 014,CP3S3/L125/40-789S
0 445 020 015,CP3S3/L110/30-789S
0 445 020 017,CP3S3/R110/30-789S
0 445 020 018,CP3S3/L125/40-789S
0 445 020 019,CP3S3/R110/30-789S
0 445 020 023,CP3S3/R125/40-789S
0 445 020 026,CP3S3/R110/30-789S
0 445 020 027,CP3S3/L110/30-789S
0 445 020 028,CP3S3/L110/30-789S
0 445 020 029,CP3S3/R110/30-789S
0 445 020 030,CP3S3/R110/30-789S
0 445 020 031,CP3S3/L110/30-789S
0 445 020 032,CP3S3/L125/40-789S
0 445 020 033,CP3S3/R110/30-789S
0 445 020 034,CP3S3/L110/30-789S
0 445 020 037,CP3HS3/R110/30-789S
0 445 020 039,CP3S3/R110/20-789S
0 445 020 040,CP1S3/R75/10-1S
0 445 020 041,CP3S3/R75/20-789S
0 445 020 043,CP3S3/L110/30-789S
0 445 020 045,CP3S3/L110/30-789S
0 445 020 046,CP3S3/R75/20-89S
0 445 020 047,CP3HS3/R110/30-789S
0 445 020 049,CP3HS3/L110/30-789S
0 445 020 050,CP3HS3/L110/30-789S
0 445 020 051,CP3S3/R140/40-789S
0 445 020 052,CP3S3/L125/40-789S
0 445 020 053,CP3S3/L125/40-789S
0 445 020 054,CP3S3/L110/30-789S
0 445 020 056,CP1H3/L85/10-789S
0 445 020 057,CP3S3/R110/30-789S
0 445 020 059,CP3S3/R110/30-789S
0 445 020 060,CP3S3/L110/30-789S
0 445 020 065,CP3S3/L110/30-789S
0 445 020 066,CP3S3/L110/30-789S
0 445 020 067,CP3S3/L110/30-789S
0 445 020 070,CP1H3/585/10-789S
0 445 020 072,CP3HS3/L110/30-789S
0 445 020 073,CP3S3/L110/30-789S
0 445 020 075,CP3S3/R140/40-789S
0 445 020 076,CP3HS3/R110/30-789S
0 445 020 078,CP3S3/L110/30-789S
0 445 020 079,CP3HS3/R110/30-789S
0 445 020 080,CP3HS3/R140/40-789S
0 445 020 081,CP3S3/L125/40-789S
0 445 020 082,CP3S3/L125/40-789S
0 445 020 083,CP1H3/L85/10-789S
0 445 020 085,CP1H3/R85/10-789S
0 445 020 088,CP3S3/L110/30-789S
0 445 020 089,CP3S3/L125/40-789S
0 445 020 090,CP3HS3/R140/40-789S
0 445 020 093,CP3HS3/L110/30-789S
0 445 020 097,CP3HS3/L110/30-789S
0 445 020 099,CP3HS3/L110/30-789S
0 445 020 100,CP3HS3/L110/30-789S
0 445 020 101,CP3HS3/L110/30-789S
0 445 020 103,CP3S3/R125/40-789S
0 445 020 105,CP3HS3/R110/30-789S
0 445 020 106,CP3HS3/R110/30-789S
0 445 020 107,CP3HS3/L110/30-789S
0 445 020 109,CP3HS3/L110/30-789S
0 445 020 110,CP3HS3/L110/30-789S
0 445 020 111,CP3S3/L110/30-789S
0 445 020 112,CP3S3/L110/30-789S
0 445 020 113,CP3HS3/L110/30-789S
0 445 020 118,CP1H3/R85/10-789S
0 445 020 119,CP1H3/L85/10-789S
0 445 020 122,CP3S3/L110/30-789S
0 445 020 123,CP3S3/L110/30-789
0 445 020 124,CP3HS3/R140/40-789S
0 445 020 125,CP3S3/R140/40-789S
0 445 020 127,CP3S3/L110/30-789S
0 445 020 128,CP3S3/L110/30-789S
0 445 020 129,CP3HS3/L110/30-789S
0 445 020 130,CP3S3/L110/30-789S
0 445 020 131,CP3S3/L110/30-789S
0 445 020 132,CP3S3/L125/40-789S
0 445 020 133,CP3S3/L125/40-789S
0 445 020 134,CP3HS3/R140/40-789S
0 445 020 136,CP3HS3/L110/30-789S
0 445 020 137,CP3HS3/L110/30-789S
0 445 020 139,CP3HS3/R110/30-789S
0 445 020 141,CP3HS3/L110/30-789S
0 445 020 142,CP3S/L110/30-789S
0 445 020 143,CP1H3/R85/10-789S
0 445 020 146,CP3HS3/R110/30-789S
0 445 020 147,CP3S3/R110/20-789S
0 445 020 148,CP3HS3/L110/30-789S
0 445 020 149,CP3S3/L110/30-789
0 445 020 150,CP3S3/L110/30-789S
0 445 020 151,CP3S3/L110/30-789S
0 445 020 152,CP3HS3/L110/30-789S
0 445 020 153,CP1H3/R85/10-789S
0 445 020 154,CP1H3/R85/10-789S
0 445 020 155,CP3HS3/R140/40-789S
0 445 020 156,CP3HS3/L110/30-789S
0 445 020 157,CP3HS3/L110/30-789S
0 445 020 162,CP3HS3/L110/30-789S
0 445 020 167,CP3HS3/L110/30-789S
0 445 020 168,CP1H3/R85/10-789S
0 445 020 169,CP3HS3/L110/30-789S
0 445 020 170,CP3HS3/R140/40-789S
0 445 020 171,CP3S3/L110/30-789S
0 445 020 172,CP3S3/L110/30-789S
0 445 020 175,CP3S3/L110/30-789S
0 445 020 176,CP3HS3/L110/30-789S
0 445 020 182,CP3S3/R110/30-789S
0 445 020 183,CP3HS3/L110/30-789S
0 445 020 185,CP3S3/L110/30-789S
0 445 020 201,CP3HS3/R140/40-789S
0 445 020 202,CP3HS3/R140/40-789S
0 445 020 203,CP3S3/L110/30-789S
0 445 020 204,CP3S3/L110/30-789S
0 445 020 205,CP3HS3/L110/30-789S
0 445 020 206,CP3HS3/L110/30-789S
0 445 020 207,CP3HS3/L110/30-789S
0 445 020 208,CP3S3/R140/40-789S
0 445 020 210,CP1H3/L85/10-789S
0 445 020 223,CP3S3/L110/30-789S
0 445 020 224,CP3HS3/L110/30-789S
0 445 020 225,CP3S3/L110/30-789S
0 445 020 227,CP3HS3/L110/30-789S
0 445 020 241,CP3S3/L110/30-789S
0 445 020 248,CP3HS3/L110/30-789S
0 445 020 252,CP3HS3/L110/30-789S
0 445 020 253,CP3S3/L110/30-789S
0 445 020 255,CP1H3/L85/10-789S
0 445 020 256,CP1H3/L85/10-789S
0 445 020 257,CP3S3/L110/30-789S
0 445 020 263,CP3HS3/R110/30-789S
0 445 020 265,CP3S3/L110/30-789S
0 445 020 273,CP3S3/L110/30-789S
0 445 020 274,CP3HS3/L110/30-789S
0 445 020 277,CP3HS3/R140/40-789S
0 445 020 278,CP3HS3/L110/30-789S
0 445 020 284,CP3S3/L110/30-789S
0 445 020 286,CP3HS3/L110/30-789S
0 445 020 298,CP3HS3/L110/30-789S
0 445 020 300,CP3HS3/L110/30-789S
0 445 020 302,CP3S3/L110/30-789S
0 445 020 315,CP3HS3/L110/30-789S
0 445 020 316,CP3HS3/R140/40-789S
0 445 020 506,CP4N1/L50/20-11S
0 445 020 507,CP4N1/R50/20-S
0 445 020 508,CP4N1/L50/20-S
0 445 020 509,CP4N1/L43/20-11S
0 445 020 510,CP4N1/L50/20-S
0 445 020 511,CP4N1/R50/20-S
0 445 020 512,CP4N1/R50/20-S
0 445 020 513,CP4N1/R50/20-S
0 445 020 515,CP4N1/L50/20-S
0 445 020 516,CP4N1/L50/20-S
0 445 020 517,CP4N1/L50/20-S
0 445 020 518,CP4N1/R50/20-S
0 445 020 519,CP4N1/L50/20-S
0 445 020 520,CP4N1/R64/20-S
0 445 020 521,CP4N1/R64/20-S
0 445 020 522,CP4N1/R50/20-S
0 445 020 524,CP4N1/L50/20-S
0 445 020 525,CP4N1/R50/20-S
0 445 020 526,CP4N1/R50/20-S
0 445 020 527,CP4N1/L50/20-S
0 445 020 528,CP4N1/L50/20-S
0 445 020 606,CP4N2
0 445 020 608,CP4N2/L86/40-S
0 445 020 609,CP4N2/L93/40-S
0 445 020 610,CP4N2
0 445 020 611,CP4N2/R995/40-S
0 986 437 001,CP1S3/R65/10-1S
0 986 437 002,CP1S3/R55/10-1S
0 986 437 003,CP1K3/L60/10-S
0 986 437 004,CP1S3/R70/10-1S
0 986 437 005,CP1S3/R65/10-16S
0 986 437 006,CP1S3/R55/10-1S
0 986 437 007,CP1SK3/L60/10-6S
0 986 437 008,CP1K3/L85/10-S
0 986 437 009,CP1K3/L60/10-S
0 986 437 010,CP1S3/R65/10-1S
0 986 437 011,CP1SK3/L60/10-6S
0 986 437 012,CP1S3/R70/10-16S
0 986 437 013,CP1K3/L70/10-S
0 986 437 014,CP1K3/L60/10-S
0 986 437 015,CP1S3/L70/10-1S
0 986 437 016,CP1SK3/L70/10-6S
0 986 437 017,CP1S3/R65/10-16S
0 986 437 018,CP1S3/R65/10-1S
0 986 437 019,CP1K3/R45/10-6S
0 986 437 020,CP1K3/R70/10-S
0 986 437 021,CP1K3/R60/10-S
0 986 437 022,CP1K3/R 85/10-S
0 986 437 023,CP1K3/R55/10S
0 986 437 024,CP1K3/R 55/10-S
0 986 437 025,CP1H3/R70/10-89S
0 986 437 026,CP1H3/R70/10-89S
0 986 437 027,CP1H3/R70/10-89S
0 986 437 028,CP1H3/R70/10-7812S
0 986 437 029,CP1H3/R85/10-789S
0 986 437 030,CP1H3/R75/10-789S
0 986 437 031,CP1H3/R85/10-789S
0 986 437 032,CP1H3/R70/10-89S
0 986 437 033,CP1H3/L85/10-789S
0 986 437 034,CP1H3/R85/10-789S
0 986 437 035,CP1H3/R70/10-89S
0 986 437 036,CP1H3/R70/10-89S
0 986 437 037,CP1H3/L70/10-789S
0 986 437 038,CP1H3/R70/10-89S
0 986 437 039,CP1H3/L85/10-789S
0 986 437 040,CP1K3/R45/10-6S
0 986 437 041,CP1H3/L70/10-789S
0 986 437 042,CP1H3/R75/10-789S
0 986 437 043,CP1H3/R70/10-789S
0 986 437 044,CP1H3/L70/10-789S
0 986 437 045,CP1H3/L70/10-89S
0 986 437 046,CP1H3/R70/10-89S
0 986 437 047,CP1H3/R70/10-89S
0 986 437 048,CP1H3/R70/10-89S
0 986 437 050,CP1H3/R70/10-89S
0 986 437 052,CP1H3/R70/10-89S
0 986 437 053,CP1H3/L70/10-789S
0 986 437 054,CP1H3/R70/10-789S
0 986 437 056,CP1H3/L70/10-89S
0 986 437 058,CP1H3/L85/10-789S
0 986 437 059,CP1H3/L85/10-789S
0 986 437 062,CP1H3/R70/10-89S
0 986 437 063,CP1H3/R70/10-89S
0 986 437 064,CP1H3/L70/10-789S
0 986 437 065,CP1H3/L85/10-89S
0 986 437 066,CP1H3/R70/10-89S
0 986 437 069,CP1H3/R70/10-89S
0 986 437 070,CP1H3/L70/10-789S
0 986 437 071,CP1H3/L85/10-89S
0 986 437 072,CP1H3/R70/10-89S
0 986 437 081,CP1K3/R60/10-S
0 986 437 082,CP1H3/585/10-789S
0 986 437 085,CP1H3/R70/10-89S
0 986 437 086,CP1H3/R70/10-789S
0 986 437 092,CP1H3/R85/10-789S
0 986 437 093,CP1H3/R85/10-789S
0 986 437 094,CP1H3/R70/10-89S
0 986 437 095,CP1H3/R70/10-89S
0 986 437 096,CP1H3/R70/10-89S
0 986 437 097,CP1H3/R70/10-89S
0 986 437 100,CP1K3/L60/10-S
0 986 437 101,CP1SK3/L60/10-6S
0 986 437 102,CP1K3/L85/10-S
0 986 437 103,CP1SK3/L60/10-6S
0 986 437 104,CP1K3/L70/10-S
0 986 437 105,CP1K3/L60/10-S
0 986 437 106,CP1SK3/L70/10-6S
0 986 437 201,CP1K3/R55/10-S
0 986 437 301,CP3S3/R70/30-789S
0 986 437 302,CP3S3/L70/20-789S
0 986 437 303,CP3S3/R110/30-789S
0 986 437 304,CP3S3/R110/20-789S
0 986 437 305,CP3S3/L110/30-789S
0 986 437 306,CP3S3/L70/20-89S
0 986 437 307,CP3S3/L110/30-789S
0 986 437 308,CP3S3/R110/30-789S
0 986 437 309,CP3S3/R70/20-789S
0 986 437 310,CP3S3/L110/30-789S
0 986 437 311,CP3S3/L70/20-89S
0 986 437 312,CP3S3/R110/30-789S
0 986 437 313,CP3S3/R80/30-789S
0 986 437 314,CP3M3/R95/30-89S
0 986 437 315,CP3S3/R95/20-89S
0 986 437 316,CP3S3/R95/30-89S
0 986 437 317,CP3S3/R70/20-789S
0 986 437 318,CP3S3/R90/20-789S
0 986 437 319,CP3HS3/L110/30-789S
0 986 437 320,CP3S3/R90/20-89S
0 986 437 321,CP3S3/R75/20-89S
0 986 437 322,CP3S3/R70/20-789S
0 986 437 323,CP3S3/R70/20-89S
0 986 437 325,CP3S3/R110/30-8911S
0 986 437 326,CP3S3/L70/20-89S
0 986 437 327,CP3S3/L90/20-8911S
0 986 437 328,CP3S3/L70/20-89S
0 986 437 329,CP3S3/L90/20-8911S
0 986 437 330,CP3S3/L70/20-8911S
0 986 437 331,CP3S3/R70/20-789S
0 986 437 332,CP3HS3/R110/30-789S
0 986 437 333,CP3HS3/L110/30-789S
0 986 437 334,CP3HS3/R110/30-789S
0 986 437 335,CP3S3/R70/20-789S
0 986 437 337,CP3S3/L110/30-789
0 986 437 338,CP3S3/R70/20-78911S
0 986 437 339,CP3S3/L90/20-8911S
0 986 437 340,CP3HS3/L80/30-8911S
0 986 437 341,CP3S3/L110/30-789S
0 986 437 342,CP3S3/L110/30-789S
0 986 437 343,CP3S3/L110/30-789S
0 986 437 344,CP3S3/L110/30-789S
0 986 437 345,CP3S3/L110/30-789S
0 986 437 346,CP3S3/L110/30-789S
0 986 437 347,CP3S3/R90/20-789S
0 986 437 348,CP3S3/R90/20-789S
0 986 437 349,CP3S3/R95/30-89S
0 986 437 350,CP3HS3/R140/40-789S
0 986 437 351,CP3S3/R125/40-789S
0 986 437 352,CP3S3/L110/30-789S
0 986 437 353,CP3S3/L125/40-789S
0 986 437 354,CP3S3/R110/30-89S
0 986 437 355,CP3S3/L70/20-789S
0 986 437 356,CP3S3/L70/20-789S
0 986 437 357,CP3S3/L110/30-789S
0 986 437 359,CP3HS3/L110/30-789S
0 986 437 360,CP3S3/L110/30-789S
0 986 437 361,CP3S3/L70/20-89S
0 986 437 362,CP3S3/L70/20-89S
0 986 437 363,CP3S3/L90/20-8911S
0 986 437 364,CP3S3/L70/20-89S
0 986 437 365,CP3S3/L90/20-8911S
0 986 437 366,CP3S3/L90/20-8911S
0 986 437 367,CP3S3/L110/30-8911S
0 986 437 368,CP3S3/L70/20-8911S
0 986 437 369,CP3S3/R70/20-789S
0 986 437 370,CP3HS3/L110/30-789S
0 986 437 372,CP3S3/R70/20-78911S
0 986 437 373,CP3HS3/L80/30-8911S
0 986 437 374,CP3HS3/L80/30-8911S
0 986 437 375,CP3HS3/L110/30-789S
0 986 437 377,CP3S3/L110/30-789S
0 986 437 379,CP3HS3/R140/40-789S
0 986 437 381,CP3HS3/R140/40-789S
0 986 437 383,CP3HS3/R140/40-789S
0 986 437 384,CP3S3/L110/30-789S
0 986 437 385,CP3S3/L90/20-78911S
0 986 437 386,CP3S3/R75/20-789S
0 986 437 401,CP4S1/L40/20
0 986 437 402,CP4S1/L40/20
0 986 437 403,CP4-20/1
0 986 437 404,CP4S2/R65/40S
0 986 437 405,CP4S1/R40/20S
0 986 437 406,CP4S1/L35/20
0 986 437 407,CP4S1/R35/20S
0 986 437 408,CP4S1/R35/20S
0 986 437 409,CP4S1/R35/20S
0 986 437 410,CP4S1/R35/20S
0 986 437 411,CP4S1/R40/20S
0 986 437 412,CP4S1/R40/20S
0 986 437 413,CP4S2/L75/40
0 986 437 414,CP4S2/L75/40
0 986 437 418,CP4HS2/L75/40S
0 986 437 419,CP4S1/R40/20S
0 986 437 420,CP4S1/R40/20S
0 986 437 421,CP4S2/R90/40
0 986 437 422,CP4HS2/R90/40
0 986 437 423,CP4S2/R90/40S
0 986 437 424,CP4S1/L40/20
0 986 437 425,CP4S1/L30/20
0 986 437 426,CP4S1/L35/20
0 986 437 427,CP4S2/L70/40
0 986 437 428,CP4HS2/L75/40
0 986 437 429,CP4S2/L75/40S
0 986 437 430,CP4S1/R30/20-S
0 986 437 431,CP4S1/R40/20S
0 986 437 432,CP4S2/L75/40
0 986 437 433,CP4S1/R35/20S
0 986 437 434,CP4S1/R40/20-S
0 986 437 435,CP4HS2/R75/40
0 986 437 437,CP4S1/R45/20S
0 986 437 438,CP4S1/R40/20-S
0 986 437 439,CP4S1/R30/10-S
0 986 437 440,CP4S1/R35/10-S
0 986 437 441,CP4HS2/R99/40S
0 986 437 442,CP4S1/R30/10-S
0 986 437 443,CP4S1/R45/20S
0 986 437 444,CP4S1/R40/20S
0 986 437 445,CP4S1/R45/10-S
0 986 437 446,CP4S1/R45/10
0 986 437 447,CP4S1/R57/20S
0 986 437 448,CP4S1/R30/20
0 986 437 449,CP4S1/R30/20-S
0 986 437 450,CP4S1/R35/10-S
0 986 437 451,CP4S1/R40/20-S
0 986 437 452,CP4
0 986 437 453,CP4S2/L75/40S
0 986 437 454,CP4S2/R75/40
0 986 437 455,CP4S1/L35/20
0 986 437 456,CP4HS2/L90/40S
0 986 437 457,CP4
0 986 437 458,CP4HS2/L930/40-89S
0 986 437 459,CP4S1/R30/20-S
0 986 437 460,CP4S1/R30/20-S
0 986 437 461,CP4S1/R50/20
0 986 437 462,CP4S1/L46/20
0 986 437 463,CP4HS2/R80/40-S
0 986 437 465,CP4S2/R80/40
0 986 437 501,CP1S3/R70/10-16S
0 986 437 502,CP1S3/R75/10-16S
03L130755AH,1600
03L130755AJ,1600
03L130755AL,1600
03L130755AN,1600
03L130755E,1600
03L130755H,1600
1-15603508-#,HP4
11110106260000,HP4
111101064P0000,HP4
11110106820000,HP4
11110107200000,HP3
11110107300000,HP3
1111010A720000,HP3
1111010C000000,HP3
1111010L000000,HP4
129978-5100,HP3
1310111150,HP3
1454748,1800
1460A001,HP3
1460A003,HP3
1460A019,HP3
1460A022,HP3
1460A040,HP3
1460A043,HP3
1460A044,HP3
1460A047,HP3
1460A050,HP3
1460A052,HP3
1460A053,HP3
1460A057,HP3
1460A058,HP3
1460A059,HP3
1460A095,HP3
1460A096,HP3
1460A097,HP3
1541452,1800
16625AA010,HP3
16625AA011,HP3
16625AA020,HP3
16625AA030,HP3
16625AA060,HP3
16700-5X00#,HP3
16700-AW40#,HP3
16700-AW42#,HP3
16700-EB30#,HP3
16700-EC00#,HP3
16700-ES60#,HP3
16700-LC10#,HP3
16700-VM00#,HP3
167000061R,1800
16700KV0A,HP3
16730Z501B,HP4
16730Z503B,HP4
16730Z6005,HP4
16730Z600A,HP4
1731745,1600
1841726,1600
1920RY,1600
1G381-50501,HP3
1G410-50501,HP3
1G421-50501,HP3
1J500-50501,HP3
1J502-50501,HP3
1J574-50502,HP3
1J770-5050#,HP3
21229831,HP4
21276943,HP4
22100-0G010,HP3
22100-0G011,HP3
22100-0L010,HP3
22100-0L020,HP3
22100-0L030,HP3
22100-0L040,HP3
22100-0L050,HP3
22100-0L060,HP3
22100-0L070,HP3
22100-0R010,HP3
22100-0R011,HP3
22100-0R020,HP3
22100-0R021,HP3
22100-0R030,HP3
22100-0R031,HP3
22100-0R040,HP3
22100-0R050,HP3
22100-0R060,HP3
22100-0R061,HP3
22100-0R070,HP3
22100-1261C,HP3
22100-27020,HP3
22100-30021,HP3
22100-30040,HP3
22100-30050,HP3
22100-30060,HP3
22100-30070,HP3
22100-30080,HP3
22100-30090,HP3
22100-30100,HP3
22100-30110,HP3
22100-30120,HP3
22100-30130,HP3
22100-30140,HP3
22100-30150,HP3
22100-30151,HP3
22100-30152,HP3
22100-30160,HP3
22100-30161,HP3
22100-51020,HP4
22100-5103#,HP4
22100-51030,HP4
22100-51040,HP4
22100-51041,HP4
22100-51042,HP4
22100-7818#,HP3
22100-78180,HP3
22100-7823#,HP3
22100-7825#,HP3
22100-E002#,HP4
22100-E0025,HP4
22100-E003#,HP3
22100-E0035,HP3
22100-E0060,HP3
22100-E0080,HP3
22100-E010#,HP4
22100-E011#,HP3
22100-E024#,HP3
22100-E0254,HP4
22100-E027#,HP4
22100-E0290,HP3
22100-E032#,HP3
22100-E033#,HP3
22100-E0333-A,HP3
22100-E035#,HP4
22100-E0400,HP4
22100-E0430,HP3
22100-E0532,HP4
22100-E0550-A,HP3
22100-E0560-C,HP3
22100-E0570,HP3
22100-E0580,HP3
22730-128#,HP3
22730-1311,HP4
22730-1321,HP3
22730-134#,HP4
22730-135#,HP3
28212378,DFP3
28237090,DPF1.5
28244458,DFP3.4
28249008,DFP3
28252614,DFP3.4
28261917,DFP3
28269520,DFP3.4
28283960,DPF1.5
28284022,DPF1.5
28285432,DPF1.15
28297640,DFP3
28302063,DFP3
28307889,DFP3.4
28343143,DFP3
28351705,DPF1.15
28435244,DFP3
28447439,DFP3.4
294000-001#,HP3
294000-003#,HP3
294000-004#,HP3
294000-005#,HP3
294000-006#,HP3
294000-007#,HP3
294000-010#,HP3
294000-011#,HP3
294000-012#,HP3
294000-015#,HP3
294000-016#,HP3
294000-017#,HP3
294000-019#,HP3
294000-020#,HP3
294000-023#,HP3
294000-025#,HP3
294000-026#,HP3
294000-029#,
294000-030#,HP3
294000-031#,HP3
294000-032#,HP3
294000-033#,HP3
294000-034#,HP3
294000-035#,HP3
294000-036#,HP3
294000-037#,HP3
294000-038#,HP3
294000-039#,HP3
294000-040#,HP3
294000-041#,HP3
294000-042#,HP3
294000-043#,HP3
294000-044#,HP3
294000-046#,HP3
294000-047#,HP3
294000-049#,HP3
294000-050#,HP3
294000-051#,HP3
294000-052#,HP3
294000-053#,HP3
294000-054#,HP3
294000-055#,HP3
294000-056#,HP3
294000-057#,HP3
294000-058#,HP3
294000-059#,HP3
294000-061#,HP3
294000-062#,HP3
294000-063#,HP3
294000-064#,HP3
294000-065#,HP3
294000-066#,HP3
294000-067#,HP3
294000-068#,HP3
294000-069#,HP3
294000-070#,HP3
294000-071#,HP3
294000-073#,HP3
294000-075#,HP3
294000-076#,HP3
294000-078#,HP3
294000-082#,HP3
294000-083#,HP3
294000-084#,HP3
294000-085#,HP3
294000-086#,HP3
294000-087#,HP3
294000-088#,HP3
294000-089#,HP3
294000-090#,HP3
294000-091#,HP3
294000-092#,HP3
294000-093#,HP3
294000-094#,HP3
294000-095#,HP3
294000-096#,HP3
294000-098#,HP3
294000-099#,HP3
294000-100#,HP3
294000-101#,HP3
294000-102#,HP3
294000-104#,HP3
294000-107#,HP3
294000-108#,HP3
294000-110#,HP3
294000-112#,HP3
294000-115#,HP3
294000-118#,HP3
294000-119#,HP3
294000-120#,HP3
294000-121#,HP3
294000-122#,HP3
294000-124#,HP3
294000-125#,HP3
294000-126#,HP3
294000-127#,HP3
294000-128#,HP3
294000-129#,HP3
294000-130#,HP3
294000-131#,HP3
294000-132#,HP3
294000-133#,HP3
294000-136#,HP3
294000-137#,HP3
294000-138#,HP3
294000-139#,HP3
294000-140#,HP3
294000-141#,HP3
294000-143#,HP3
294000-144#,HP3
294000-145#,HP3
294000-146#,HP3
294000-150#,HP3
294000-151#,HP3
294000-152#,HP3
294000-154#,HP3
294000-155#,HP3
294000-156#,HP3
294000-157#,HP3
294000-158#,HP3
294000-160#,HP3
294000-162#,HP3
294000-163#,HP3
294000-165#,HP3
294000-166#,HP3
294000-169#,HP3
294000-170#,HP3
294000-172#,HP3
294000-173#,HP3
294000-176#,HP3
294000-178#,HP3
294000-179#,HP3
294000-180#,HP3
294000-181#,HP3
294000-184#,HP3
294000-187#,HP3
294000-195#,HP3
294000-199#,HP3
294000-201#,HP3
294000-203#,HP3
294000-204#,HP3
294000-207#,HP3
294000-211#,HP3
294000-213#,HP3
294000-219#,HP3
294000-220#,HP3
294000-221#,HP3
294000-222#,HP3
294000-227#,HP3
294000-228#,HP3
294000-231#,HP3
294000-232#,HP3
294000-233#,HP3
294000-234#,HP3
294000-235#,HP3
294000-239#,HP3
294000-240#,HP3
294000-246#,HP3
294000-248#,HP3
294050-001#,HP4
294050-002#,HP4
294050-004#,HP4
294050-005#,HP4
294050-006#,HP4
294050-007#,HP4
294050-008#,HP4
294050-009#,HP4
294050-010#,HP4
294050-011#,HP4
294050-012#,HP4
294050-013#,HP4
294050-015#,HP4
294050-016#,HP4
294050-017#,HP4
294050-018#,HP4
294050-019#,HP4
294050-020#,HP4
294050-021#,HP4
294050-022#,HP4
294050-023#,HP4
294050-024#,HP4
294050-025#,HP4
294050-027#,HP4
294050-028#,HP4
294050-029#,HP4
294050-030#,HP4
294050-032#,HP4
294050-036#,HP4
294050-041#,HP4
294050-042#,HP4
294050-043#,HP4
294050-044#,HP4
294050-045#,HP4
294050-047#,HP4
294050-048#,HP4
294050-050#,HP4
294050-051#,HP4
294050-052#,HP4
294050-053#,HP4
294050-054#,HP4
294050-055#,HP4
294050-056#,HP4
294050-062#,HP4
294050-063#,HP4
294050-064#,HP4
294050-065#,HP4
294050-069#,HP4
294050-076#,HP4
294050-094#,HP4
3310045700,
3310048000,HP3
3310048700,HP3
3310052000,HP4
331005270#,HP4
3310087000,HP4
3689040,HP4
3689041,HP4
3708363,HP3
3708364,HP3
5-5567740C-#,HP3
5284018,HP3
5WS40273,1800
5WS40273-Z,1800
5WS40565,1800
5WS40693,1600
5WS40694,1600
5WS40836,1600
5WS40844,1600
5WS40891,1600
5WS40894,1600
62757-11110,HP3
62757-11120,HP3
6C1Q-9B395-AB,HP3
6C1Q-9B395-AD,HP3
6C1Q-9B395-AE,HP3
6C1Q-9B395-BB,HP3
6C1Q-9B395-BD,HP3
6C1Q-9B395-BE,HP3
7H2Q-9B395-CC,1800
7H2Q-9B395-CD,1800
7H2Q-9B395-CE,1800
7H2Q-9B395-CF,1800
7H2Q-9B395-CG,1800
7H2Q-9B395-CH,1800
8-97306044-#,HP3
8-97311373-#,HP3
8-97313862-#,HP3
8-97328886-#,HP3
8-97351555-#,HP3
8-97376269-#,HP3
8-97381555-#,HP3
8-97386557-#,HP3
8-97386558-#,HP3
8-97386558-2,HP3
8-97435031-#,HP3
8-97602049-#,HP4
8-97605106-#,HP4
8-97605946-#,HP4
8-98081771-#,HP3
8-98091565-#,HP4
8-98092467-#,HP3
8-98103028-#,HP3
8-98151213-#,HP3
8-98155988-#,HP3
8-98168006-#,HP3
8-98178304-#,HP3
8-98238464-#,HP4
8-98239521-#,HP4
8-98247350-#,HP3
8-98248042-#,HP3
8-98253389-#,HP3
8-98298599-#,HP3
8200704200,1800
9044A032A,DPF1
9044A033A,DPF1
9044A035B,DPF1
9044A130B,DPF1
9044Z032A,DPF1
9044Z033A,DPF1
9044Z035B,DPF1
9421A000A,DFP3
9421A030A,DFP3
9422A000A,DFP3.4
9422A001A,DFP3.4
9422A010A,DFP3
9422A011A,DFP3
9422A060A,DFP3.2
9424A000A,DFP3
9424A010A,DFP3.4
9424A050A,DFP3.4
9424A070A,DFP3.4
9424A110A,DFP3
9672605380,1600
9678171880,1600
A2C20003282,1800
A2C53252602,1800
A2C53300211,1600
A2C53341464,1600
A2C53344443,1600
A2C53351931,1600
A2C53366731,1600
A2C53381555,1600
A2C59507608,1600
A2C59513482,1800
A2C59513595,1800
A2C59513830,1600
A2C59513832,1600
A2C59517045,1600
A2C59517047,1600
A2C59517049,1600
A2C59517053,1600
A2C59517054,1600
A2C59517055,1600
A2C89877300,1600
A2C96443200,1600
BK2Q-9B395-AD,1600
D28C000900,HP4
D28C001500,HP3
D28C001900,HP4
D28C001901B,HP4
F 00E 200 392,CP3HS3/R110/30-789S
F 00E 200 431,CP3HS3/R110/30-789S
LR004712,1800
LR005549,1800
LR009666,1800
LR017367,1800
ME302144,HP4
ME302145,HP4
ME304302,HP4
ME304303,HP4
ME304718,HP4
ME304719,HP4
ME306386,HP4
ME306387,HP4
ME306388,HP4
ME306389,HP4
ME306444,HP4
ME307482,HP4
ME307486,HP4
R2AA13800,HP3
RE507959,HP3
RE519597,HP4
RE522595,HP3
RE527528,HP3
RE533507,HP3
RE533508,HP4
RE534156,HP4
RE537393,HP4
RE543262,HP4
RE543423,HP3
RE546119,HP3
RE546120,HP4
RE546121,HP4
RE546123,HP3
RE546124,HP3
RE546126,HP4
RF5C13800,HP3
RF7J13800,HP3
S00001061,HP3
S2273-01264,HP3
S2273-01321,HP3
S2273-01351,HP3
S550-13-800#,HP3
SH01-13-800#,HP3
