id,pump_code,car_model
1,0 445 020 611,Agco Sisu
2,0 445 020 101,Agrale-Deutz
3,0 445 020 119,Agrale-Deutz
4,0 445 010 002,Alfa Romeo
5,0 445 010 003,Alfa Romeo
6,0 445 010 006,Alfa Romeo
7,0 445 010 007,Alfa Romeo
8,0 445 010 071,Alfa Romeo
9,0 445 010 072,Alfa Romeo
10,0 445 010 123,Alfa Romeo
11,0 445 010 130,Alfa Romeo
12,0 445 010 150,Alfa Romeo
13,0 445 010 166,Alfa Romeo
14,0 445 010 185,Alfa Romeo
15,0 445 010 231,Alfa Romeo
16,0 445 010 232,Alfa Romeo
17,0 445 010 243,Alfa Romeo
18,0 445 010 242,Alfa Romeo
19,0 445 010 285,Alfa Romeo
20,0 445 010 286,Alfa Romeo
21,0 445 010 292,Alfa Romeo
22,0 445 010 302,Alfa Romeo
23,0 445 010 303,Alfa Romeo
24,0 445 010 304,Alfa Romeo
25,0 445 010 305,Alfa Romeo
26,0 445 010 308,Alfa Romeo
27,0 445 010 309,Alfa Romeo
28,0 445 010 310,Alfa Romeo
29,0 445 010 311,Alfa Romeo
30,0 445 010 349,Alfa Romeo
31,0 445 010 350,Alfa Romeo
32,0 445 010 425,Alfa Romeo
33,0 445 010 426,Alfa Romeo
34,0 986 437 001,Alfa Romeo
35,0 986 437 002,Alfa Romeo
36,0 986 437 035,Alfa Romeo
37,0 986 437 038,Alfa Romeo
38,0 986 437 046,Alfa Romeo
39,0 986 437 063,Alfa Romeo
40,0 986 437 069,Alfa Romeo
41,0 986 437 094,Alfa Romeo
42,0 986 437 097,Alfa Romeo
43,0 445 010 026,Alpina
44,0 445 010 041,Alpina
45,0 445 020 088,Amur
46,0 445 010 177,Andoria
47,0 445 020 141,Ashok Ley
48,0 445 010 669,Audi
49,0 445 010 133,Audi
50,0 445 010 154,Audi
51,0 445 010 171,Audi
52,0 445 010 327,Audi
53,0 445 010 328,Audi
54,0 445 010 331,Audi
55,0 445 010 507,Audi
56,0 445 010 508,Audi
57,0 445 010 529,Audi
58,0 445 010 535,Audi
59,0 445 010 537,Audi
60,0 445 010 538,Audi
61,0 445 010 543,Audi
62,0 445 010 546,Audi
63,0 445 010 562,Audi
64,0 445 010 568,Audi
65,0 445 010 570,Audi
66,0 445 010 583,Audi
67,0 445 010 611,Audi
68,0 445 010 613,Audi
69,0 445 010 619,Audi
70,0 445 010 624,Audi
71,0 445 010 632,Audi
72,0 445 010 639,Audi
73,0 445 010 640,Audi
74,0 445 010 641,Audi
75,0 445 010 642,Audi
76,0 445 010 643,Audi
77,0 445 010 644,Audi
78,0 445 010 646,Audi
79,0 445 010 647,Audi
80,0 445 010 650,Audi
81,0 445 010 654,Audi
82,0 445 010 656,Audi
83,0 445 010 657,Audi
84,0 445 010 658,Audi
85,0 445 010 659,Audi
86,0 445 010 663,Audi
87,0 445 010 670,Audi
88,0 445 010 671,Audi
89,0 445 010 673,Audi
90,0 445 010 674,Audi
91,0 445 010 675,Audi
92,0 445 010 676,Audi
93,0 445 010 677,Audi
94,0 445 010 682,Audi
95,0 445 010 683,Audi
96,0 445 010 685,Audi
97,0 445 010 686,Audi
98,0 445 010 690,Audi
99,0 445 010 691,Audi
100,0 445 010 692,Audi
101,0 445 010 693,Audi
102,0 445 010 694,Audi
103,0 445 010 695,Audi
104,0 445 010 801,Audi
105,0 445 010 805,Audi
106,0 445 010 806,Audi
107,0 445 010 813,Audi
108,0 445 010 814,Audi
109,0 986 437 092,Audi
110,0 986 437 093,Audi
111,0 986 437 404,Audi
112,0 986 437 407,Audi
113,0 986 437 408,Audi
114,0 986 437 409,Audi
115,0 986 437 410,Audi
116,0 986 437 413,Audi
117,0 986 437 414,Audi
118,0 986 437 418,Audi
119,0 986 437 434,Audi
120,0 986 437 435,Audi
121,0 986 437 440,Audi
122,0 986 437 450,Audi
123,0 986 437 456,Audi
124,0 986 437 463,Audi
125,03L130755AH,Audi
126,03L130755AJ,Audi
127,03L130755AL,Audi
128,03L130755AN,Audi
129,03L130755E,Audi
130,03L130755H,Audi
131,5WS40836,Audi
132,5WS40891,Audi
133,A2C53341464,Audi
134,A2C53366731,Audi
135,A2C59517047,Audi
136,A2C59517049,Audi
137,A2C59517053,Audi
138,A2C59517054,Audi
139,0 445 010 158,Baw
140,0 445 010 368,Baw
141,0 445 020 119,Beijing
142,0 445 010 009,BMW
143,0 445 010 012,BMW
144,0 445 010 026,BMW
145,0 445 010 041,BMW
146,0 445 010 045,BMW
147,0 445 010 073,BMW
148,0 445 010 074,BMW
149,0 445 010 108,BMW
150,0 445 010 126,BMW
151,0 445 010 146,BMW
152,0 445 010 194,BMW
153,0 445 010 506,BMW
154,0 445 010 509,BMW
155,0 445 010 510,BMW
156,0 445 010 517,BMW
157,0 445 010 518,BMW
158,0 445 010 519,BMW
159,0 445 010 521,BMW
160,0 445 010 524,BMW
161,0 445 010 528,BMW
162,0 445 010 540,BMW
163,0 445 010 547,BMW
164,0 445 010 553,BMW
165,0 445 010 554,BMW
166,0 445 010 558,BMW
167,0 445 010 561,BMW
168,0 445 010 572,BMW
169,0 445 010 573,BMW
170,0 445 010 574,BMW
171,0 445 010 580,BMW
172,0 445 010 581,BMW
173,0 445 010 582,BMW
174,0 445 010 587,BMW
175,0 445 010 588,BMW
176,0 445 010 617,BMW
177,0 445 010 623,BMW
178,0 445 010 634,BMW
179,0 445 010 638,BMW
180,0 445 010 645,BMW
181,0 445 010 665,BMW
182,0 445 010 667,BMW
183,0 445 010 668,BMW
184,0 445 010 672,BMW
185,0 445 010 678,BMW
186,0 445 010 679,BMW
187,0 445 010 688,BMW
188,0 445 010 701,BMW
189,0 445 010 702,BMW
190,0 445 010 707,BMW
191,0 445 010 709,BMW
192,0 445 010 711,BMW
193,0 445 010 713,BMW
194,0 445 010 715,BMW
195,0 445 010 717,BMW
196,0 445 010 719,BMW
197,0 445 010 721,BMW
198,0 445 010 723,BMW
199,0 445 010 725,BMW
200,0 445 010 727,BMW
201,0 445 010 755,BMW
202,0 445 010 756,BMW
203,0 445 010 764,BMW
204,0 445 010 807,BMW
205,0 445 010 808,BMW
206,0 445 010 809,BMW
207,0 445 010 818,BMW
208,0 445 010 819,BMW
209,0 986 437 004,BMW
210,0 986 437 313,BMW
211,0 986 437 314,BMW
212,0 986 437 315,BMW
213,0 986 437 320,BMW
214,0 986 437 323,BMW
215,0 986 437 401,BMW
216,0 986 437 402,BMW
217,0 986 437 403,BMW
218,0 986 437 406,BMW
219,0 986 437 424,BMW
220,0 986 437 425,BMW
221,0 986 437 426,BMW
222,0 986 437 427,BMW
223,0 986 437 428,BMW
224,0 986 437 429,BMW
225,0 986 437 452,BMW
226,0 986 437 453,BMW
227,0 986 437 455,BMW
228,0 986 437 457,BMW
229,0 986 437 458,BMW
230,0 445 020 093,Case
231,0 445 020 123,Case
232,0 445 020 149,Case
233,0 986 437 337,Case
234,0 445 020 011,Cdc
235,0 445 020 015,Cdc
236,0 445 020 039,Cdc
237,0 445 020 043,Cdc
238,0 445 020 122,Cdc
239,0 445 020 147,Cdc
240,0 445 020 151,Cdc
241,0 986 437 304,Cdc
242,0 986 437 307,Cdc
243,0 986 437 310,Cdc
244,0 445 010 182,Chanfeng
245,0 445 010 221,Chanfeng
246,0 445 010 224,Changchai
247,0 445 010 165,Cherry
248,0 445 010 010,Chevrolet
249,0 445 010 115,Chevrolet
250,0 445 010 162,Chevrolet
251,0 445 010 282,Chevrolet
252,0 986 437 005,Chevrolet
253,0 445 010 014,Chrysler
254,0 445 010 152,Chrysler
255,0 445 010 270,Chrysler
256,0 986 437 008,Chrysler
257,0 986 437 102,Chrysler
258,0 445 010 010,Citroen
259,0 445 010 021,Citroen
260,0 445 010 042,Citroen
261,0 445 010 046,Citroen
262,0 445 010 089,Citroen
263,0 445 010 102,Citroen
264,0 445 010 132,Citroen
265,0 445 010 139,Citroen
266,0 445 010 162,Citroen
267,0 445 010 163,Citroen
268,0 445 010 164,Citroen
269,0 445 010 282,Citroen
270,0 445 010 283,Citroen
271,0 445 010 284,Citroen
272,0 445 010 296,Citroen
273,0 445 010 367,Citroen
274,0 445 010 516,Citroen
275,0 445 010 552,Citroen
276,0 445 010 578,Citroen
277,0 445 010 579,Citroen
278,0 445 010 614,Citroen
279,0 445 010 629,Citroen
280,0 445 010 662,Citroen
281,0 445 010 738,Citroen
282,0 445 010 739,Citroen
283,0 445 010 832,Citroen
284,0 445 010 833,Citroen
285,0 445 020 002,Citroen
286,0 445 020 006,Citroen
287,0 986 437 005,Citroen
288,0 986 437 012,Citroen
289,0 986 437 017,Citroen
290,0 986 437 018,Citroen
291,0 986 437 028,Citroen
292,0 986 437 034,Citroen
293,0 986 437 309,Citroen
294,0 986 437 322,Citroen
295,0 986 437 430,Citroen
296,0 986 437 432,Citroen
297,0 986 437 445,Citroen
298,0 986 437 501,Citroen
299,0 986 437 502,Citroen
300,1731745,Citroen
301,1841726,Citroen
302,1920RY,Citroen
303,28212378,Citroen
304,294000-040#,Citroen
305,5WS40693,Citroen
306,5WS40694,Citroen
307,5WS40894,Citroen
308,6C1Q-9B395-AB,Citroen
309,6C1Q-9B395-AD,Citroen
310,6C1Q-9B395-AE,Citroen
311,9424A000A,Citroen
312,9424A110A,Citroen
313,9672605380,Citroen
314,9678171880,Citroen
315,A2C53300211,Citroen
316,A2C53344443,Citroen
317,A2C53381555,Citroen
318,A2C59513830,Citroen
319,A2C59513832,Citroen
320,A2C59517045,Citroen
321,A2C59517055,Citroen
322,A2C96443200,Citroen
323,BK2Q-9B395-AD,Citroen
324,0 445 020 201,Cnhtc
325,0 445 010 648,Cummins
326,0 445 020 007,Cummins
327,0 445 020 011,Cummins
328,0 445 020 015,Cummins
329,0 445 020 039,Cummins
330,0 445 020 043,Commins
331,0 445 020 045,Cummins
332,0 445 020 047,Cummins
333,0 445 020 066,Cummins
334,0 445 020 070,Cummins
335,0 445 020 072,Cummins
336,0 445 020 076,Cummins
337,0 445 020 097,Cummins
338,0 445 020 099,Cummins
339,0 445 020 106,Cummins
340,0 445 020 107,Cummins
341,0 445 020 109,Cummins
342,0 445 020 113,Cummins
343,0 445 020 119,Cummins
344,0 445 020 122,Commins
345,0 445 020 123,Cummins
346,0 445 020 137,Cummins
347,0 445 020 146,Cummins
348,0 445 020 147,Cummins
349,0 445 020 148,Cummins
350,0 445 020 149,Cummins
351,0 445 020 150,Cummins
352,0 445 020 151,Cummins
353,0 445 020 175,Cummins
354,0 445 020 176,Cummins
355,0 445 020 182,Cummins
356,0 445 020 224,Cummins
357,0 445 020 227,Cummins
358,0 445 020 241,Cummins
359,0 445 020 248,Cummins
360,0 445 020 278,Cummins
361,0 445 020 286,Cummins
362,0 445 020 300,Cummins
363,0 445 020 517,Cummins
364,0 445 020 609,Cummins
365,0 986 437 082,Cummins
366,0 986 437 304,Cummins
367,0 986 437 307,Cummins
368,0 986 437 310,Commins
369,0 986 437 319,Cummins
370,0 986 437 333,Cummins
371,0 986 437 334,Cummins
372,0 986 437 337,Cummins
373,0 986 437 341,Cummins
374,0 986 437 342,Cummins
375,0 986 437 357,Cummins
376,0 986 437 370,Cummins
377,0 986 437 375,Cummins
378,F 00E 200 392,Cummins
379,0 445 010 530,Dacia
380,0 445 010 563,Dacia
381,0 445 010 704,Dacia
382,0 986 437 439,Dacia
383,0 986 437 442,Dacia
384,167000061R,Dacia
385,5WS40565,Dacia
386,8200704200,Dacia
387,A2C53252602,Dacia
388,A2C59513595,Dacia
389,0 445 010 142,Daewoo
390,0 445 010 180,Daewoo
391,0 445 010 332,Daewoo
392,0 445 020 031,Daewoo
393,0 986 437 032,Daewoo
394,0 986 437 062,Daewoo
395,0 445 020 007,Daf
396,0 445 020 045,Daf
397,0 445 020 066,Daf
398,0 445 020 150,Daf
399,0 445 020 175,Daf
400,0 986 437 341,Daf
401,0 986 437 342,Daf
402,0 986 437 357,Daf
403,294000-169#,Dcec
404,5284018,Dcec
405,0 445 010 019,Dodge
406,0 445 010 024,Dodge
407,0 445 010 271,Dodge
408,0 445 010 275,Dodge
409,0 445 010 684,Dodge
410,0 986 437 013,Dodge
411,0 986 437 016,Dodge
412,0 986 437 104,Dodge
413,0 986 437 106,Dodge
414,0 445 010 186,Dongfeng
415,0 445 010 195,Dongfeng
416,0 445 010 198,Dongfeng
417,0 445 010 199,Dongfeng
418,0 445 010 224,Dongfeng
419,0 445 010 428,Dongfeng
420,0 445 020 085,Dongfeng
421,0 445 020 111,Dongfeng
422,0 445 020 210,Dongfeng
423,0 445 020 252,Dongfeng
424,0 445 020 032,Doosan
425,0 445 020 067,Doosan
426,0 445 020 127,Doosan
427,0 445 020 128,Doosan
428,0 445 020 132,Doosan
429,0 445 020 253,Doosan
430,0 445 010 158,Faw
431,0 445 010 221,Faw
432,0 445 010 368,Faw
433,0 445 020 078,Faw
434,0 445 020 162,Faw
435,294000-170#,Faw
436,1111010C000000,Fawde
437,11110106260000,Fawde
438,111101064P0000,Fawde
439,11110106820000,Fawde
440,11110107200000,Fawde
441,11110107300000,Fawde
442,1111010A720000,Fawde
443,1111010L000000,Fawde
444,294000-068#,Fawde
445,294000-115#,Fawde
446,294000-143#,Fawde
447,294050-029#,Fawde
448,294050-032#,Fawde
449,294050-054#,Fawde
450,294050-063#,Fawde
451,0 445 020 056,Fendt
452,0 445 010 002,Fiat
453,0 445 010 003,Fiat
454,0 445 010 006,Fiat
455,0 445 010 007,Fiat
456,0 445 010 021,Fiat
457,0 445 010 046,Fiat
458,0 445 010 071,Fiat
459,0 445 010 072,Fiat
460,0 445 010 080,Fiat
461,0 445 010 092,Fiat
462,0 445 010 097,Fiat
463,0 445 010 122,Fiat
464,0 445 010 123,Fiat
465,0 445 010 128,Fiat
466,0 445 010 130,Fiat
467,0 445 010 137,Fiat
468,0 445 010 138,Fiat
469,0 445 010 150,Fiat
470,0 445 010 155,Fiat
471,0 445 010 156,Fiat
472,0 445 010 157,Fiat
473,0 445 010 163,Fiat
474,0 445 010 166,Fiat
475,0 445 010 173,Fiat
476,0 445 010 181,Fiat
477,0 445 010 184,Fiat
478,0 445 010 185,Fiat
479,0 445 010 201,Fiat
480,0 445 010 202,Fiat
481,0 445 010 203,Fiat
482,0 445 010 204,Fiat
483,0 445 010 231,Fiat
484,0 445 010 232,Fiat
485,0 445 010 233,Fiat
486,0 445 010 241,Fiat
487,0 445 010 242,Fiat
488,0 445 010 243,Fiat
489,0 445 010 247,Fiat
490,0 445 010 254,Fiat
491,0 445 010 256,Fiat
492,0 445 010 260,Fiat
493,0 445 010 265,Fiat
494,0 445 010 266,Fiat
495,0 445 010 276,Fiat
496,0 445 010 277,Fiat
497,0 445 010 278,Fiat
498,0 445 010 283,Fiat
499,0 445 010 285,Fiat
500,0 445 010 286,Fiat
501,0 445 010 287,Fiat
502,0 445 010 288,Fiat
503,0 445 010 291,Fiat
504,0 445 010 292,Fiat
505,0 445 010 293,Fiat
506,0 445 010 302,Fiat
507,0 445 010 303,Fiat
508,0 445 010 304,Fiat
509,0 445 010 305,Fiat
510,0 445 010 306,Fiat
511,0 445 010 307,Fiat
512,0 445 010 308,Fiat
513,0 445 010 309,Fiat
514,0 445 010 310,Fiat
515,0 445 010 311,Fiat
516,0 445 010 317,Fiat
517,0 445 010 318,Fiat
518,0 445 010 319,Fiat
519,0 445 010 320,Fiat
520,0 445 010 349,Fiat
521,0 445 010 350,Fiat
522,0 445 010 365,Fiat
523,0 445 010 381,Fiat
524,0 445 010 388,Fiat
525,0 445 010 389,Fiat
526,0 445 010 397,Fiat
527,0 445 010 400,Fiat
528,0 445 010 401,Fiat
529,0 445 010 413,Fiat
530,0 445 010 414,Fiat
531,0 445 010 422,Fiat
532,0 445 010 424,Fiat
533,0 445 010 425,Fiat
534,0 445 010 426,Fiat
535,0 445 010 438,Fiat
536,0 445 010 455,Fiat
537,0 445 010 463,Fiat
538,0 445 010 466,Fiat
539,0 445 010 471,Fiat
540,0 445 010 472,Fiat
541,0 445 010 512,Fiat
542,0 445 010 525,Fiat
543,0 445 010 545,Fiat
544,0 445 010 559,Fiat
545,0 445 020 002,Fiat
546,0 445 020 006,Fiat
547,0 445 020 007,Fiat
548,0 445 020 008,Fiat
549,0 445 020 046,Fiat
550,0 445 020 066,Fiat
551,0 445 020 093,Fiat
552,0 445 020 175,Fiat
553,0 445 020 185,Fiat
554,0 445 020 257,Fiat
555,0 986 437 001,Fiat
556,0 986 437 002,Fiat
557,0 986 437 012,Fiat
558,0 986 437 017,Fiat
559,0 986 437 023,Fiat
560,0 986 437 024,Fiat
561,0 986 437 025,Fiat
562,0 986 437 026,Fiat
563,0 986 437 035,Fiat
564,0 986 437 036,Fiat
565,0 986 437 038,Fiat
566,0 986 437 046,Fiat
567,0 986 437 063,Fiat
568,0 986 437 066,Fiat
569,0 986 437 069,Fiat
570,0 986 437 072,Fiat
571,0 986 437 085,Fiat
572,0 986 437 094,Fiat
573,0 986 437 095,Fiat
574,0 986 437 096,Fiat
575,0 986 437 097,Fiat
576,0 986 437 201,Fiat
577,0 986 437 318,Fiat
578,0 986 437 321,Fiat
579,0 986 437 341,Fiat
580,0 986 437 357,Fiat
581,0 986 437 437,Fiat
582,0 986 437 443,Fiat
583,0 986 437 501,Fiat
584,0 986 437 502,Fiat
585,294000-040#,Fiat
586,6C1Q-9B395-AB,Fiat
587,6C1Q-9B395-AD,Fiat
588,6C1Q-9B395-AE,Fiat
589,0 445 010 080,Ford
590,0 445 010 089,Ford
591,0 445 010 097,Ford
592,0 445 010 102,Ford
593,0 445 010 139,Ford
594,0 445 010 156,Ford
595,0 445 010 176,Ford
596,0 445 010 213,Ford
597,0 445 010 243,Ford
598,0 445 010 265,Ford
599,0 445 010 266,Ford
600,0 445 010 276,Ford
601,0 445 010 288,Ford
602,0 445 010 292,Ford
603,0 445 010 296,Ford
604,0 445 010 310,Ford
605,0 445 010 311,Ford
606,0 445 010 367,Ford
607,0 445 010 419,Ford
608,0 445 010 425,Ford
609,0 445 010 426,Ford
610,0 445 010 548,Ford
611,0 445 010 549,Ford
612,0 445 010 552,Ford
613,0 445 010 564,Ford
614,0 445 010 569,Ford
615,0 445 010 571,Ford
616,0 445 010 576,Ford
617,0 445 010 577,Ford
618,0 445 010 591,Ford
619,0 445 010 592,Ford
620,0 445 010 614,Ford
621,0 445 010 616,Ford
622,0 445 010 629,Ford
623,0 445 010 649,Ford
624,0 445 010 662,Ford
625,0 445 010 697,Ford
626,0 445 010 698,Ford
627,0 445 010 705,Ford
628,0 445 010 706,Ford
629,0 445 010 804,Ford
630,0 445 010 810,Ford
631,0 445 010 820,Ford
632,0 445 010 821,Ford
633,0 445 010 832,Ford
634,0 445 010 833,Ford
635,0 445 020 019,Ford
636,0 445 020 079,Ford
637,0 445 020 123,Ford
638,0 445 020 137,Ford
639,0 445 020 149,Ford
640,0 986 437 023,Ford
641,0 986 437 025,Ford
642,0 986 437 028,Ford
643,0 986 437 034,Ford
644,0 986 437 038,Ford
645,0 986 437 069,Ford
646,0 986 437 097,Ford
647,0 986 437 319,Ford
648,0 986 437 322,Ford
649,0 986 437 337,Ford
650,0 986 437 422,Ford
651,0 986 437 432,Ford
652,0 986 437 441,Ford
653,0 986 437 446,Ford
654,0 986 437 448,Ford
655,0 986 437 449,Ford
656,0 986 437 462,Ford
657,1454748,Ford
658,1541452,Ford
659,1731745,Ford
660,1841726,Ford
661,294000-040#,Ford
662,294000-041#,Ford
663,294000-095#,Ford
664,5WS40273,Ford
665,5WS40273-Z,Ford
666,5WS40693,Ford
667,5WS40694,Ford
668,6C1Q-9B395-AB,Ford
669,6C1Q-9B395-AD,Ford
670,6C1Q-9B395-AE,Ford
671,6C1Q-9B395-BB,Ford
672,6C1Q-9B395-BD,Ford
673,6C1Q-9B395-BE,Ford
674,7H2Q-9B395-CC,Ford
675,7H2Q-9B395-CD,Ford
676,7H2Q-9B395-CE,Ford
677,7H2Q-9B395-CF,Ford
678,7H2Q-9B395-CG,Ford
679,7H2Q-9B395-CH,Ford
680,9044A032A,Ford
681,9044A033A,Ford
682,9044A035B,Ford
683,9044A130B,Ford
684,9044Z032A,Ford
685,9044Z033A,Ford
686,9044Z035B,Ford
687,9678171880,Ford
688,A2C20003282,Ford
689,A2C53344443,Ford
690,A2C59513482,Ford
691,A2C59517045,Ford
692,A2C59517055,Ford
693,A2C96443200,Ford
694,BK2Q-9B395-AD,Ford
695,LR004712,Ford
696,LR005549,Ford
697,LR009666,Ford
698,LR017367,Ford
699,0 445 020 119,Foton
700,0 445 010 182,Foton
701,0 445 010 177,Gaz
702,0 445 020 088,Gaz
703,0 445 020 119,Gaz
704,0 445 020 017,GM
705,0 445 020 030,GM
706,0 986 437 303,GM
707,0 986 437 308,GM
708,0 445 010 193,GMC
709,0 445 010 247,GMC
710,0 445 010 259,GMC
711,0 445 010 371,GMC
712,0 445 010 381,GMC
713,0 445 010 393,GMC
714,0 445 010 394,GMC
715,0 445 010 441,GMC
716,0 445 010 442,GMC
717,0 445 010 443,GMC
718,0 445 010 444,GMC
719,0 445 010 445,GMC
720,0 445 010 446,GMC
721,0 445 010 449,GMC
722,0 445 010 450,GMC
723,0 445 010 616,GMC
724,0 445 010 687,GMC
725,0 445 010 703,GMC
726,0 445 010 802,GMC
727,0 445 010 817,GMC
728,0 986 437 027,GMC
729,0 986 437 047,GMC
730,0 986 437 050,GMC
731,0 986 437 052,GMC
732,0 986 437 072,GMC
733,0 986 437 421,GMC
734,0 445 010 224,Gonow
735,0 445 010 235,Gonow
736,0 445 010 373,Gonow
737,0 445 010 159,Great Wall
738,0 445 010 369,Great Wall
739,0 445 010 186,Haima
740,16730Z501B,Hino
741,16730Z503B,Hino
742,22100-1261C,Hino
743,22100-7818#,Hino
744,22100-78180,Hino
745,22100-7823#,Hino
746,22100-7825#,Hino
747,22100-E002#,Hino
748,22100-E0025,Hino
749,22100-E003#,Hino
750,22100-E0035,Hino
751,22100-E0060,Hino
752,22100-E0080,Hino
753,22100-E010#,Hino
754,22100-E011#,Hino
755,22100-E024#,Hino
756,22100-E0254,Hino
757,22100-E027#,Hino
758,22100-E0290,Hino
759,22100-E032#,Hino
760,22100-E033#,Hino
761,22100-E0333-A,Hino
762,22100-E035#,Hino
763,22100-E0400,Hino
764,22100-E0430,Hino
765,22100-E0532,Hino
766,22100-E0550-A,Hino
767,22100-E0560-C,Hino
768,22100-E0570,Hino
769,22100-E0580,Hino
770,22730-128#,Hino
771,22730-1311,Hino
772,22730-1321,Hino
773,22730-134#,Hino
774,22730-135#,Hino
775,294000-019#,Hino
776,294000-020#,Hino
777,294000-025#,Hino
778,294000-046#,Hino
779,294000-059#,Hino
780,294000-061#,Hino
781,294000-063#,Hino
782,294000-065#,Hino
783,294000-096#,Hino
784,294000-145#,Hino
785,294000-146#,Hino
786,294000-150#,Hino
787,294000-155#,Hino
788,294000-156#,Hino
789,294000-165#,Hino
790,294000-195#,Hino
791,294000-211#,Hino
792,294000-227#,Hino
793,294000-240#,Hino
794,294050-001#,Hino
795,294050-008#,Hino
796,294050-013#,Hino
797,294050-015#,Hino
798,294050-036#,Hino
799,294050-053#,Hino
800,294050-055#,Hino
801,294050-062#,Hino
802,294050-076#,Hino
803,294050-094#,Hino
804,RE546124,Hino
805,S2273-01264,Hino
806,S2273-01321,Hino
807,S2273-01351,Hino
808,28269520,Hmc
809,9422A000A,Hmc
810,9422A001A,Hmc
811,0 445 010 093,Honda
812,0 445 010 141,Honda
813,0 445 010 575,Honda
814,0 445 010 584,Honda
815,0 445 010 612,Honda
816,0 445 010 635,Honda
817,0 445 010 729,Honda
818,0 445 010 734,Honda
819,0 986 437 356,Honda
820,0 986 437 451,Honda
821,0 986 437 465,Honda
822,0 445 010 038,Hyundai
823,0 445 010 049,Hyundai
824,0 445 010 050,Hyundai
825,0 445 010 052,Hyundai
826,0 445 010 079,Hyundai
827,0 445 010 101,Hyundai
828,0 445 010 118,Hyundai
829,0 445 010 121,Hyundai
830,0 445 010 124,Hyundai
831,0 445 010 149,Hyundai
832,0 445 010 187,Hyundai
833,0 445 010 188,Hyundai
834,0 445 010 206,Hyundai
835,0 445 010 252,Hyundai
836,0 445 010 279,Hyundai
837,0 445 010 280,Hyundai
838,0 445 010 281,Hyundai
839,0 445 010 289,Hyundai
840,0 445 010 290,Hyundai
841,0 445 010 342,Hyundai
842,0 445 010 347,Hyundai
843,0 445 010 354,Hyundai
844,0 445 010 355,Hyundai
845,0 445 010 385,Hyundai
846,0 445 010 399,Hyundai
847,0 445 010 511,Hyundai
848,0 445 010 522,Hyundai
849,0 445 010 544,Hyundai
850,0 445 010 556,Hyundai
851,0 445 010 595,Hyundai
852,0 445 010 596,Hyundai
853,0 445 010 597,Hyundai
854,0 445 010 598,Hyundai
855,0 445 010 740,Hyundai
856,0 445 010 741,Hyundai
857,0 445 020 046,Hyundai
858,0 986 437 020,Hyundai
859,0 986 437 021,Hyundai
860,0 986 437 022,Hyundai
861,0 986 437 029,Hyundai
862,0 986 437 030,Hyundai
863,0 986 437 042,Hyundai
864,0 986 437 081,Hyundai
865,0 986 437 321,Hyundai
866,0 986 437 354,Hyundai
867,0 986 437 369,Hyundai
868,0 986 437 431,Hyundai
869,0 986 437 444,Hyundai
870,0 986 437 447,Hyundai
871,28269520,Hyundai
872,294000-029#,Hyundai
873,294000-073#,Hyundai
874,294000-082#,Hyundai
875,294000-083#,Hyundai
876,294000-133#,Hyundai
877,294050-009#,Hyundai
878,294050-020#,Hyundai
879,294050-021#,Hyundai
880,294050-022#,Hyundai
881,294050-050#,Hyundai
882,294050-069#,Hyundai
883,3310045700,Hyundai
884,3310048000,Hyundai
885,3310048700,Hyundai
886,3310052000,Hyundai
887,331005270#,Hyundai
888,3310087000,Hyundai
889,9422A000A,Hyundai
890,9422A001A,Hyundai
891,1310111150,IHI
892,294000-176#,IHI
893,0 445 020 118,Iseki
894,0 445 010 039,Isuzu
895,0 445 010 076,Isuzu
896,0 445 010 086,Isuzu
897,0 445 010 628,Isuzu
898,0 445 010 835,Isuzu
899,0 445 020 005,Isuzu
900,0 445 020 017,Isuzu
901,0 445 020 037,Isuzu
902,0 445 020 105,Isuzu
903,0 986 437 303,Isuzu
904,0 986 437 317,Isuzu
905,0 986 437 332,Isuzu
906,1-15603508-#,Isuzu
907,22100-30040,Isuzu
908,294000-003#,Isuzu
909,294000-007#,Isuzu
910,294000-015#,Isuzu
911,294000-023#,Isuzu
912,294000-026#,Isuzu
913,294000-036#,Isuzu
914,294000-049#,Isuzu
915,294000-050#,Isuzu
916,294000-057#,Isuzu
917,294000-058#,Isuzu
918,294000-100#,Isuzu
919,294000-101#,Isuzu
920,294000-104#,Isuzu
921,294000-112#,Isuzu
922,294000-118#,Isuzu
923,294000-119#,Isuzu
924,294000-120#,Isuzu
925,294000-121#,Isuzu
926,294000-140#,Isuzu
927,294000-144#,Isuzu
928,294000-152#,Isuzu
929,294000-162#,Isuzu
930,294000-184#,Isuzu
931,294000-213#,Isuzu
932,294000-219#,Isuzu
933,294000-228#,Isuzu
934,294000-231#,Isuzu
935,294000-239#,Isuzu
936,294050-002#,Isuzu
937,294050-010#,Isuzu
938,294050-011#,Isuzu
939,294050-012#,Isuzu
940,294050-041#,Isuzu
941,294050-042#,Isuzu
942,294050-064#,Isuzu
943,294050-065#,Isuzu
944,5-5567740C-#,Isuzu
945,8-97306044-#,Isuzu
946,8-97311373-#,Isuzu
947,8-97313862-#,Isuzu
948,8-97328886-#,Isuzu
949,8-97351555-#,Isuzu
950,8-97376269-#,Isuzu
951,8-97381555-#,Isuzu
952,8-97386557-#,Isuzu
953,8-97386558-#,Isuzu
954,8-97386558-2,Isuzu
955,8-97435031-#,Isuzu
956,8-97602049-#,Isuzu
957,8-97605106-#,Isuzu
958,8-97605946-#,Isuzu
959,8-98081771-#,Isuzu
960,8-98091565-#,Isuzu
961,8-98092467-#,Isuzu
962,8-98103028-#,Isuzu
963,8-98151213-#,Isuzu
964,8-98155988-#,Isuzu
965,8-98168006-#,Isuzu
966,8-98178304-#,Isuzu
967,8-98238464-#,Isuzu
968,8-98239521-#,Isuzu
969,8-98247350-#,Isuzu
970,8-98248042-#,Isuzu
971,8-98253389-#,Isuzu
972,8-98298599-#,Isuzu
973,F 00E 200 431,Isuzu
974,0 445 010 098,Iveco
975,0 445 010 137,Iveco
976,0 445 010 181,Iveco
977,0 445 010 222,Iveco
978,0 445 010 228,Iveco
979,0 445 010 260,Iveco
980,0 445 010 300,Iveco
981,0 445 010 301,Iveco
982,0 445 010 315,Iveco
983,0 445 010 317,Iveco
984,0 445 010 318,Iveco
985,0 445 010 319,Iveco
986,0 445 010 320,Iveco
987,0 445 010 374,Iveco
988,0 445 010 375,Iveco
989,0 445 010 400,Iveco
990,0 445 010 401,Iveco
991,0 445 010 438,Iveco
992,0 445 010 452,Iveco
993,0 445 010 512,Iveco
994,0 445 010 525,Iveco
995,0 445 010 545,Iveco
996,0 445 010 559,Iveco
997,0 445 010 585,Iveco
998,0 445 010 586,Iveco
999,0 445 010 593,Iveco
1000,0 445 010 594,Iveco
1001,0 445 020 002,Iveco
1002,0 445 020 006,Iveco
1003,0 445 020 007,Iveco
1004,0 445 020 008,Iveco
1005,0 445 020 040,Iveco
1006,0 445 020 041,Iveco
1007,0 445 020 046,Iveco
1008,0 445 020 066,Iveco
1009,0 445 020 093,Iveco
1010,0 445 020 175,Iveco
1011,0 445 020 185,Iveco
1012,0 445 020 223,Iveco
1013,0 445 020 257,Iveco
1014,0 445 020 508,Iveco
1015,0 445 020 516,Iveco
1016,0 986 437 085,Iveco
1017,0 986 437 096,Iveco
1018,0 986 437 318,Iveco
1019,0 986 437 321,Iveco
1020,0 986 437 341,Iveco
1021,0 986 437 357,Iveco
1022,0 986 437 386,Iveco
1023,0 986 437 437,Iveco
1024,0 986 437 443,Iveco
1025,0 986 437 461,Iveco
1026,0 986 437 501,Iveco
1027,0 986 437 502,Iveco
1028,0 445 010 200,Jac
1029,0 445 010 251,Jac
1030,0 445 010 372,Jac
1031,0 445 010 384,Jac
1032,0 445 010 697,Jaguar
1033,0 445 010 698,Jaguar
1034,0 445 010 820,Jaguar
1035,0 445 010 821,Jaguar
1036,28435244,Jcb
1037,9422A010A,Jcb
1038,9422A011A,Jcb
1039,0 445 010 463,Jeep
1040,0 445 010 684,Jeep
1041,0 445 010 179,Jinbei
1042,0 445 010 370,Jinbei
1043,0 445 010 169,Jmc (Jiangling)
1044,0 445 010 230,Jmc (Jiangling)
1045,0 445 010 379,Jmc (Jiangling)
1046,0 445 010 034,Jme
1047,294000-005#,John Deere
1048,294000-039#,John Deere
1049,294000-056#,John Deere
1050,294000-075#,John Deere
1051,294000-154#,John Deere
1052,294050-006#,John Deere
1053,294050-025#,John Deere
1054,294050-030#,John Deere
1055,294050-048#,John Deere
1056,RE507959,John Deere
1057,RE519597,John Deere
1058,RE522595,John Deere
1059,RE527528,John Deere
1060,RE533507,John Deere
1061,RE533508,John Deere
1062,RE534156,John Deere
1063,RE537393,John Deere
1064,RE543262,John Deere
1065,RE543423,John Deere
1066,RE546119,John Deere
1067,RE546120,John Deere
1068,RE546121,John Deere
1069,RE546123,John Deere
1070,RE546126,John Deere
1071,0 445 020 089,Kamaz
1072,0 445 020 088,Kavz
1073,0 445 020 507,Khd
1074,0 445 020 510,Khd
1075,0 445 020 518,Khd
1076,0 445 020 519,Khd
1077,0 445 020 525,Khd
1078,0 445 020 526,Khd
1079,0 445 020 527,Khd
1080,0 445 020 528,Khd
1081,0 445 010 038,Kia
1082,0 445 010 052,Kia
1083,0 445 010 101,Kia
1084,0 445 010 118,Kia
1085,0 445 010 121,Kia
1086,0 445 010 124,Kia
1087,0 445 010 149,Kia
1088,0 445 010 187,Kia
1089,0 445 010 188,Kia
1090,0 445 010 206,Kia
1091,0 445 010 207,Kia
1092,0 445 010 252,Kia
1093,0 445 010 279,Kia
1094,0 445 010 289,Kia
1095,0 445 010 290,Kia
1096,0 445 010 333,Kia
1097,0 445 010 342,Kia
1098,0 445 010 347,Kia
1099,0 445 010 354,Kia
1100,0 445 010 355,Kia
1101,0 445 010 385,Kia
1102,0 445 010 399,Kia
1103,0 445 010 511,Kia
1104,0 445 010 544,Kia
1105,0 445 010 595,Kia
1106,0 445 010 596,Kia
1107,0 445 010 597,Kia
1108,0 445 010 598,Kia
1109,0 445 010 740,Kia
1110,0 445 010 741,Kia
1111,0 986 437 020,Kia
1112,0 986 437 029,Kia
1113,0 986 437 030,Kia
1114,0 986 437 042,Kia
1115,0 986 437 354,Kia
1116,0 986 437 369,Kia
1117,0 986 437 431,Kia
1118,0 986 437 444,Kia
1119,0 986 437 447,Kia
1120,28269520,Kia
1121,9422A000A,Kia
1122,9422A001A,Kia
1123,9422A060A,Kia
1124,22100-E002#,Kobelco
1125,22100-E0025,Kobelco
1126,294050-013#,Kobelco
1127,294050-076#,Kobelco
1128,0 445 020 070,Komatsu
1129,0 445 020 109,Komatsu
1130,0 445 020 176,Komatsu
1131,0 986 437 082,Komatsu
1132,0 986 437 375,Komatsu
1133,294000-178#,Komatsu
1134,294000-179#,Komatsu
1135,62757-11110,Komatsu
1136,62757-11120,Komatsu
1137,1G381-50501,KUBOTA
1138,1G410-50501,KUBOTA
1139,1G421-50501,KUBOTA
1140,1J500-50501,KUBOTA
1141,1J502-50501,KUBOTA
1142,1J574-50502,KUBOTA
1143,1J770-5050#,KUBOTA
1144,294000-069#,KUBOTA
1145,294000-084#,KUBOTA
1146,294000-129#,KUBOTA
1147,294000-141#,KUBOTA
1148,294000-172#,KUBOTA
1149,294000-173#,KUBOTA
1150,294000-187#,KUBOTA
1151,0 445 010 224,Laidong
1152,0 445 010 002,Lancia
1153,0 445 010 003,Lancia
1154,0 445 010 006,Lancia
1155,0 445 010 007,Lancia
1156,0 445 010 021,Lancia
1157,0 445 010 071,Lancia
1158,0 445 010 072,Lancia
1159,0 445 010 080,Lancia
1160,0 445 010 123,Lancia
1161,0 445 010 130,Lancia
1162,0 445 010 150,Lancia
1163,0 445 010 166,Lancia
1164,0 445 010 185,Lancia
1165,0 445 010 231,Lancia
1166,0 445 010 232,Lancia
1167,0 445 010 243,Lancia
1168,0 445 010 276,Lancia
1169,0 445 010 285,Lancia
1170,0 445 010 286,Lancia
1171,0 445 010 292,Lancia
1172,0 445 010 302,Lancia
1173,0 445 010 303,Lancia
1174,0 445 010 308,Lancia
1175,0 445 010 309,Lancia
1176,0 445 010 310,Lancia
1177,0 445 010 311,Lancia
1178,0 445 010 349,Lancia
1179,0 445 010 350,Lancia
1180,0 445 010 425,Lancia
1181,0 445 010 426,Lancia
1182,0 986 437 001,Lancia
1183,0 986 437 002,Lancia
1184,0 986 437 012,Lancia
1185,0 986 437 023,Lancia
1186,0 986 437 035,Lancia
1187,0 986 437 038,Lancia
1188,0 986 437 046,Lancia
1189,0 986 437 069,Lancia
1190,0 986 437 097,Lancia
1191,0 445 010 009,Land Rover
1192,0 445 010 011,Land Rover
1193,0 445 010 298,Land Rover
1194,0 445 010 697,Land Rover
1195,0 445 010 698,Land Rover
1196,0 445 010 705,Land Rover
1197,0 445 010 706,Land Rover
1198,0 445 010 820,Land Rover
1199,0 445 010 821,Land Rover
1200,0 986 437 004,Land Rover
1201,0 986 437 006,Land Rover
1202,0 986 437 462,Land Rover
1203,1454748,Land Rover
1204,1541452,Land Rover
1205,294000-041#,Land Rover
1206,294000-095#,Land Rover
1207,5WS40273,Land Rover
1208,5WS40273-Z,Land Rover
1209,6C1Q-9B395-BB,Land Rover
1210,6C1Q-9B395-BD,Land Rover
1211,6C1Q-9B395-BE,Land Rover
1212,7H2Q-9B395-CC,Land Rover
1213,7H2Q-9B395-CD,Land Rover
1214,7H2Q-9B395-CE,Land Rover
1215,7H2Q-9B395-CF,Land Rover
1216,7H2Q-9B395-CG,Land Rover
1217,7H2Q-9B395-CH,Land Rover
1218,A2C20003282,Land Rover
1219,A2C59513482,Land Rover
1220,LR004712,Land Rover
1221,LR005549,Land Rover
1222,LR009666,Land Rover
1223,LR017367,Land Rover
1224,0 445 010 034,Ldv Group
1225,22100-0R030,Lexus
1226,22100-0R031,Lexus
1227,22100-0R060,Lexus
1228,22100-0R061,Lexus
1229,294000-032#,Lexus
1230,294000-088#,Lexus
1231,294000-128#,Lexus
1232,294000-157#,Lexus
1233,0 445 020 081,Liebherr
1234,0 445 020 112,Lovol
1235,0 445 010 191,Lufeng
1236,0 445 010 131,Mahindra
1237,0 445 010 178,Mahindra
1238,0 445 010 240,Mahindra
1239,0 445 010 412,Mahindra
1240,0 445 010 420,Mahindra
1241,0 445 020 083,Mahindra
1242,0 445 020 513,Mahindra
1243,0 445 020 014,Man
1244,0 445 020 018,Man
1245,0 445 020 023,Man
1246,0 445 020 034,Man
1247,0 445 020 051,Man
1248,0 445 020 052,Man
1249,0 445 020 053,Man
1250,0 445 020 060,Man
1251,0 445 020 073,Man
1252,0 445 020 075,Man
1253,0 445 020 080,Man
1254,0 445 020 082,Man
1255,0 445 020 090,Man
1256,0 445 020 100,Man
1257,0 445 020 103,Man
1258,0 445 020 124,Man
1259,0 445 020 125,Man
1260,0 445 020 129,Man
1261,0 445 020 130,Man
1262,0 445 020 131,Man
1263,0 445 020 136,Man
1264,0 445 020 155,Man
1265,0 445 020 156,Man
1266,0 445 020 167,Man
1267,0 445 020 169,Man
1268,0 445 020 170,Man
1269,0 445 020 183,Man
1270,0 445 020 202,Man
1271,0 445 020 203,Man
1272,0 445 020 204,Man
1273,0 445 020 205,Man
1274,0 445 020 206,Man
1275,0 445 020 207,Man
1276,0 445 020 208,Man
1277,0 445 020 277,Man
1278,0 986 437 350,Man
1279,0 986 437 351,Man
1280,0 986 437 352,Man
1281,0 986 437 353,Man
1282,0 986 437 359,Man
1283,0 986 437 377,Man
1284,0 986 437 379,Man
1285,0 986 437 381,Man
1286,0 986 437 383,Man
1287,0 445 010 467,Maruti
1288,0 445 020 088,Maz
1289,0 445 010 089,Mazda
1290,0 445 010 102,Mazda
1291,0 445 010 107,Mazda
1292,0 445 010 213,Mazda
1293,0 445 010 296,Mazda
1294,0 986 437 028,Mazda
1295,0 986 437 322,Mazda
1296,0 986 437 385,Mazda
1297,294000-004#,Mazda
1298,294000-042#,Mazda
1299,294000-062#,Mazda
1300,294000-166#,Mazda
1301,294000-204#,Mazda
1302,R2AA13800,Mazda
1303,RF5C13800,Mazda
1304,RF7J13800,Mazda
1305,S550-13-800#,Mazda
1306,SH01-13-800#,Mazda
1307,0 445 010 004,Mercedes Benz
1308,0 445 010 008,Mercedes Benz
1309,0 445 010 013,Mercedes Benz
1310,0 445 010 014,Mercedes Benz
1311,0 445 010 015,Mercedes Benz
1312,0 445 010 019,Mercedes Benz
1313,0 445 010 022,Mercedes Benz
1314,0 445 010 024,Mercedes Benz
1315,0 445 010 024,Mercedes Benz
1316,0 445 010 025,Mercedes Benz
1317,0 445 010 027,Mercedes Benz
1318,0 445 010 029,Mercedes Benz
1319,0 445 010 048,Mercedes Benz
1320,0 445 010 078,Mercedes Benz
1321,0 445 010 091,Mercedes Benz
1322,0 445 010 095,Mercedes Benz
1323,0 445 010 096,Mercedes Benz
1324,0 445 010 117,Mercedes Benz
1325,0 445 010 120,Mercedes Benz
1326,0 445 010 127,Mercedes Benz
1327,0 445 010 135,Mercedes Benz
1328,0 445 010 143,Mercedes Benz
1329,0 445 010 144,Mercedes Benz
1330,0 445 010 145,Mercedes Benz
1331,0 445 010 153,Mercedes Benz
1332,0 445 010 167,Mercedes Benz
1333,0 445 010 168,Mercedes Benz
1334,0 445 010 210,Mercedes Benz
1335,0 445 010 211,Mercedes Benz
1336,0 445 010 244,Mercedes Benz
1337,0 445 010 245,Mercedes Benz
1338,0 445 010 246,Mercedes Benz
1339,0 445 010 264,Mercedes Benz
1340,0 445 010 268,Mercedes Benz
1341,0 445 010 269,Mercedes Benz
1342,0 445 010 270,Mercedes Benz
1343,0 445 010 271,Mercedes Benz
1344,0 445 010 272,Mercedes Benz
1345,0 445 010 273,Mercedes Benz
1346,0 445 010 274,Mercedes Benz
1347,0 445 010 275,Mercedes Benz
1348,0 445 010 322,Mercedes Benz
1349,0 445 010 323,Mercedes Benz
1350,0 445 010 334,Mercedes Benz
1351,0 445 010 336,Mercedes Benz
1352,0 445 010 339,Mercedes Benz
1353,0 445 010 341,Mercedes Benz
1354,0 445 010 344,Mercedes Benz
1355,0 445 010 345,Mercedes Benz
1356,0 445 010 346,Mercedes Benz
1357,0 445 010 348,Mercedes Benz
1358,0 445 010 352,Mercedes Benz
1359,0 445 010 356,Mercedes Benz
1360,0 445 010 357,Mercedes Benz
1361,0 445 010 359,Mercedes Benz
1362,0 445 010 360,Mercedes Benz
1363,0 445 010 361,Mercedes Benz
1364,0 445 010 362,Mercedes Benz
1365,0 445 010 363,Mercedes Benz
1366,0 445 010 735,Mercedes Benz
1367,0 445 010 736,Mercedes Benz
1368,0 445 020 515,Mercedes Benz
1369,0 986 437 003,Mercedes Benz
1370,0 986 437 007,Mercedes Benz
1371,0 986 437 008,Mercedes Benz
1372,0 986 437 009,Mercedes Benz
1373,0 986 437 011,Mercedes Benz
1374,0 986 437 013,Mercedes Benz
1375,0 986 437 014,Mercedes Benz
1376,0 986 437 016,Mercedes Benz
1377,0 986 437 019,Mercedes Benz
1378,0 986 437 040,Mercedes Benz
1379,0 986 437 100,Mercedes Benz
1380,0 986 437 101,Mercedes Benz
1381,0 986 437 102,Mercedes Benz
1382,0 986 437 103,Mercedes Benz
1383,0 986 437 104,Mercedes Benz
1384,0 986 437 105,Mercedes Benz
1385,0 986 437 106,Mercedes Benz
1386,0 986 437 305,Mercedes Benz
1387,0 986 437 306,Mercedes Benz
1388,0 986 437 311,Mercedes Benz
1389,0 986 437 326,Mercedes Benz
1390,0 986 437 327,Mercedes Benz
1391,0 986 437 328,Mercedes Benz
1392,0 986 437 329,Mercedes Benz
1393,0 986 437 330,Mercedes Benz
1394,0 986 437 339,Mercedes Benz
1395,0 986 437 340,Mercedes Benz
1396,0 986 437 360,Mercedes Benz
1397,0 986 437 361,Mercedes Benz
1398,0 986 437 362,Mercedes Benz
1399,0 986 437 363,Mercedes Benz
1400,0 986 437 364,Mercedes Benz
1401,0 986 437 365,Mercedes Benz
1402,0 986 437 366,Mercedes Benz
1403,0 986 437 367,Mercedes Benz
1404,0 986 437 368,Mercedes Benz
1405,0 986 437 373,Mercedes Benz
1406,0 986 437 374,Mercedes Benz
1407,28249008,Mercedes Benz
1408,28252614,Mercedes Benz
1409,28261917,Mercedes Benz
1410,28297640,Mercedes Benz
1411,28302063,Mercedes Benz
1412,28343143,Mercedes Benz
1413,28447439,Mercedes Benz
1414,5WS40844,Mercedes Benz
1415,9421A000A,Mercedes Benz
1416,9421A030A,Mercedes Benz
1417,9424A010A,Mercedes Benz
1418,9424A070A,Mercedes Benz
1419,A2C53351931,Mercedes Benz
1420,A2C59507608,Mercedes Benz
1421,A2C89877300,Mercedes Benz
1422,0 445 020 606,MF
1423,0 445 020 610,MF
1424,0 445 010 518,Mini
1425,0 445 010 519,Mini
1426,0 445 010 554,Mini
1427,0 445 010 587,Mini
1428,0 445 010 588,Mini
1429,0 445 010 702,Mini
1430,0 445 010 709,Mini
1431,0 445 010 723,Mini
1432,0 445 010 725,Mini
1433,0 445 010 764,Mini
1434,0 986 437 425,Mini
1435,0 986 437 452,Mini
1436,0 445 020 027,Mitsubishi
1437,0 445 020 028,Mitsubishi
1438,0 445 020 029,Mitsubishi
1439,0 445 020 049,Mitsubishi
1440,0 445 020 050,Mitsubishi
1441,0 445 020 083,Mitsubishi
1442,1460A001,Mitsubishi
1443,1460A003,Mitsubishi
1444,1460A019,Mitsubishi
1445,1460A022,Mitsubishi
1446,1460A040,Mitsubishi
1447,1460A043,Mitsubishi
1448,1460A044,Mitsubishi
1449,1460A047,Mitsubishi
1450,1460A050,Mitsubishi
1451,1460A052,Mitsubishi
1452,1460A053,Mitsubishi
1453,1460A057,Mitsubishi
1454,1460A058,Mitsubishi
1455,1460A059,Mitsubishi
1456,1460A095,Mitsubishi
1457,1460A096,Mitsubishi
1458,1460A097,Mitsubishi
1459,294000-033#,Mitsubishi
1460,294000-034#,Mitsubishi
1461,294000-064#,Mitsubishi
1462,294000-066#,Mitsubishi
1463,294000-099#,Mitsubishi
1464,294000-107#,Mitsubishi
1465,294000-124#,Mitsubishi
1466,294000-125#,Mitsubishi
1467,294000-126#,Mitsubishi
1468,294000-127#,Mitsubishi
1469,294000-136#,Mitsubishi
1470,294000-137#,Mitsubishi
1471,294000-233#,Mitsubishi
1472,294000-234#,Mitsubishi
1473,294000-235#,Mitsubishi
1474,294050-004#,Mitsubishi
1475,294050-005#,Mitsubishi
1476,294050-016#,Mitsubishi
1477,294050-017#,Mitsubishi
1478,294050-043#,Mitsubishi
1479,ME302144,Mitsubishi
1480,ME302145,Mitsubishi
1481,ME304302,Mitsubishi
1482,ME304303,Mitsubishi
1483,ME304718,Mitsubishi
1484,ME304719,Mitsubishi
1485,ME306386,Mitsubishi
1486,ME306387,Mitsubishi
1487,ME306388,Mitsubishi
1488,ME306389,Mitsubishi
1489,ME306444,Mitsubishi
1490,ME307482,Mitsubishi
1491,ME307486,Mitsubishi
1492,0 445 020 506,Mitsubishi Heavy
1493,0 445 020 608,Mitsubishi Heavy
1494,0 445 020 088,Mmz
1495,0 445 020 139,Mtu
1496,0 445 020 263,Mtu
1497,0 445 020 088,Mtz
1498,0 445 010 044,Mwm-Diesel
1499,0 445 010 115,Mwm-Diesel
1500,0 445 010 129,Mwm-Diesel
1501,0 445 010 294,Mwm-Diesel
1502,0 445 020 033,Mwm-Diesel
1503,0 445 020 059,Mwm-Diesel
1504,0 445 020 101,Mwm-Diesel
1505,0 445 010 374,Naveco
1506,0 445 010 375,Naveco
1507,0 445 020 007,New Holland
1508,0 445 020 066,New Holland
1509,0 445 020 175,New Holland
1510,0 445 020 223,New Holland
1511,0 445 020 508,New Holland
1512,0 445 020 516,New Holland
1513,0 986 437 341,New Holland
1514,0 986 437 357,New Holland
1515,0 445 010 031,Nissan
1516,0 445 010 033,Nissan
1517,0 445 010 075,Nissan
1518,0 445 010 094,Nissan
1519,0 445 010 136,Nissan
1520,0 445 010 140,Nissan
1521,0 445 010 170,Nissan
1522,0 445 010 179,Nissan
1523,0 445 010 194,Nissan
1524,0 445 010 195,Nissan
1525,0 445 010 196,Nissan
1526,0 445 010 223,Nissan
1527,0 445 010 257,Nissan
1528,0 445 010 295,Nissan
1529,0 445 010 324,Nissan
1530,0 445 010 370,Nissan
1531,0 445 010 390,Nissan
1532,0 445 010 418,Nissan
1533,0 445 020 118,Nissan
1534,0 986 437 031,Nissan
1535,0 986 437 033,Nissan
1536,0 986 437 037,Nissan
1537,0 986 437 039,Nissan
1538,0 986 437 044,Nissan
1539,0 986 437 058,Nissan
1540,0 986 437 059,Nissan
1541,0 986 437 301,Nissan
1542,0 986 437 302,Nissan
1543,16700-5X00#,Nissan
1544,16700-AW40#,Nissan
1545,16700-AW42#,Nissan
1546,16700-EB30#,Nissan
1547,16700-EC00#,Nissan
1548,16700-ES60#,Nissan
1549,16700-LC10#,Nissan
1550,16700-VM00#,Nissan
1551,167000061R,Nissan
1552,16700KV0A,Nissan
1553,28237090,Nissan
1554,28283960,Nissan
1555,28284022,Nissan
1556,294000-012#,Nissan
1557,294000-016#,Nissan
1558,294000-037#,Nissan
1559,294000-047#,Nissan
1560,294000-053#,Nissan
1561,294000-078#,Nissan
1562,294000-122#,Nissan
1563,294000-160#,Nissan
1564,294000-246#,Nissan
1565,5WS40565,Nissan
1566,8200704200,Nissan
1567,A2C53252602,Nissan
1568,A2C59513595,Nissan
1569,0 445 010 009,Opel
1570,0 445 010 031,Opel
1571,0 445 010 033,Opel
1572,0 445 010 075,Opel
1573,0 445 010 086,Opel
1574,0 445 010 092,Opel
1575,0 445 010 097,Opel
1576,0 445 010 122,Opel
1577,0 445 010 128,Opel
1578,0 445 010 138,Opel
1579,0 445 010 142,Opel
1580,0 445 010 155,Opel
1581,0 445 010 156,Opel
1582,0 445 010 157,Opel
1583,0 445 010 170,Opel
1584,0 445 010 173,Opel
1585,0 445 010 183,Opel
1586,0 445 010 184,Opel
1587,0 445 010 193,Opel
1588,0 445 010 203,Opel
1589,0 445 010 204,Opel
1590,0 445 010 223,Opel
1591,0 445 010 233,Opel
1592,0 445 010 234,Opel
1593,0 445 010 241,Opel
1594,0 445 010 247,Opel
1595,0 445 010 248,Opel
1596,0 445 010 255,Opel
1597,0 445 010 256,Opel
1598,0 445 010 259,Opel
1599,0 445 010 277,Opel
1600,0 445 010 278,Opel
1601,0 445 010 287,Opel
1602,0 445 010 288,Opel
1603,0 445 010 291,Opel
1604,0 445 010 293,Opel
1605,0 445 010 365,Opel
1606,0 445 010 371,Opel
1607,0 445 010 378,Opel
1608,0 445 010 381,Opel
1609,0 445 010 382,Opel
1610,0 445 010 387,Opel
1611,0 445 010 388,Opel
1612,0 445 010 389,Opel
1613,0 445 010 393,Opel
1614,0 445 010 394,Opel
1615,0 445 010 425,Opel
1616,0 445 010 426,Opel
1617,0 445 010 441,Opel
1618,0 445 010 442,Opel
1619,0 445 010 443,Opel
1620,0 445 010 444,Opel
1621,0 445 010 445,Opel
1622,0 445 010 446,Opel
1623,0 445 010 513,Opel
1624,0 445 010 550,Opel
1625,0 445 010 703,Opel
1626,0 986 437 004,Opel
1627,0 986 437 024,Opel
1628,0 986 437 025,Opel
1629,0 986 437 026,Opel
1630,0 986 437 027,Opel
1631,0 986 437 032,Opel
1632,0 986 437 036,Opel
1633,0 986 437 037,Opel
1634,0 986 437 044,Opel
1635,0 986 437 047,Opel
1636,0 986 437 048,Opel
1637,0 986 437 050,Opel
1638,0 986 437 052,Opel
1639,0 986 437 054,Opel
1640,0 986 437 062,Opel
1641,0 986 437 069,Opel
1642,0 986 437 072,Opel
1643,0 986 437 086,Opel
1644,0 986 437 097,Opel
1645,0 986 437 201,Opel
1646,0 986 437 301,Opel
1647,0 986 437 302,Opel
1648,0 986 437 317,Opel
1649,294000-007#,Opel
1650,294000-015#,Opel
1651,294000-050#,Opel
1652,8-97313862-#,Opel
1653,8-97376269-#,Opel
1654,8-98103028-#,Opel
1655,294000-163#,Others
1656,294000-180#,Others
1657,294000-199#,Others
1658,294000-203#,Others
1659,0 445 020 088,Paz
1660,294000-138#,Perkins
1661,294000-139#,Perkins
1662,294050-051#,Perkins
1663,294050-052#,Perkins
1664,3689040,Perkins
1665,3689041,Perkins
1666,3708363,Perkins
1667,3708364,Perkins
1668,0 445 010 010,Peugeot
1669,0 445 010 021,Peugeot
1670,0 445 010 042,Peugeot
1671,0 445 010 046,Peugeot
1672,0 445 010 089,Peugeot
1673,0 445 010 102,Peugeot
1674,0 445 010 132,Peugeot
1675,0 445 010 139,Peugeot
1676,0 445 010 162,Peugeot
1677,0 445 010 163,Peugeot
1678,0 445 010 164,Peugeot
1679,0 445 010 282,Peugeot
1680,0 445 010 283,Peugeot
1681,0 445 010 284,Peugeot
1682,0 445 010 296,Peugeot
1683,0 445 010 367,Peugeot
1684,0 445 010 516,Peugeot
1685,0 445 010 552,Peugeot
1686,0 445 010 578,Peugeot
1687,0 445 010 579,Peugeot
1688,0 445 010 614,Peugeot
1689,0 445 010 629,Peugeot
1690,0 445 010 662,Peugeot
1691,0 445 010 738,Peugeot
1692,0 445 010 739,Peugeot
1693,0 445 010 832,Peugeot
1694,0 445 010 833,Peugeot
1695,0 445 020 002,Peugeot
1696,0 986 437 005,Peugeot
1697,0 986 437 012,Peugeot
1698,0 986 437 017,Peugeot
1699,0 986 437 018,Peugeot
1700,0 986 437 028,Peugeot
1701,0 986 437 034,Peugeot
1702,0 986 437 309,Peugeot
1703,0 986 437 322,Peugeot
1704,0 986 437 430,Peugeot
1705,0 986 437 432,Peugeot
1706,0 986 437 445,Peugeot
1707,0 986 437 501,Peugeot
1708,1731745,Peugeot
1709,1841726,Peugeot
1710,1920RY,Peugeot
1711,28212378,Peugeot
1712,294000-040#,Peugeot
1713,5WS40693,Peugeot
1714,5WS40694,Peugeot
1715,5WS40894,Peugeot
1716,6C1Q-9B395-AB,Peugeot
1717,6C1Q-9B395-AD,Peugeot
1718,6C1Q-9B395-AE,Peugeot
1719,9424A000A,Peugeot
1720,9424A110A,Peugeot
1721,9672605380,Peugeot
1722,9678171880,Peugeot
1723,A2C53300211,Peugeot
1724,A2C53344443,Peugeot
1725,A2C53381555,Peugeot
1726,A2C59513830,Peugeot
1727,A2C59513832,Peugeot
1728,A2C59517045,Peugeot
1729,A2C59517055,Peugeot
1730,A2C96443200,Peugeot
1731,BK2Q-9B395-AD,Peugeot
1732,0 445 020 143,Piaggio
1733,0 445 010 624,Porsche
1734,0 445 010 641,Porsche
1735,0 445 010 643,Porsche
1736,0 445 010 650,Porsche
1737,0 445 010 657,Porsche
1738,0 445 010 670,Porsche
1739,0 445 010 675,Porsche
1740,0 445 010 682,Porsche
1741,0 445 010 683,Porsche
1742,0 445 010 690,Porsche
1743,0 445 010 691,Porsche
1744,0 445 010 801,Porsche
1745,0 986 437 418,Porsche
1746,0 986 437 463,Porsche
1747,0 445 010 516,Psa
1748,0 445 010 578,Psa
1749,0 445 010 579,Psa
1750,0 445 010 738,Psa
1751,0 445 010 739,Psa
1752,0 986 437 430,Psa
1753,0 986 437 445,Psa
1754,28244458,Psa
1755,28307889,Psa
1756,9424A050A,Psa
1757,0 445 010 219,Quanchai
1758,0 445 010 018,Renault
1759,0 445 010 028,Renault
1760,0 445 010 031,Renault
1761,0 445 010 033,Renault
1762,0 445 010 075,Renault
1763,0 445 010 081,Renault
1764,0 445 010 087,Renault
1765,0 445 010 094,Renault
1766,0 445 010 099,Renault
1767,0 445 010 136,Renault
1768,0 445 010 140,Renault
1769,0 445 010 147,Renault
1770,0 445 010 148,Renault
1771,0 445 010 170,Renault
1772,0 445 010 196,Renault
1773,0 445 010 197,Renault
1774,0 445 010 205,Renault
1775,0 445 010 208,Renault
1776,0 445 010 212,Renault
1777,0 445 010 216,Renault
1778,0 445 010 218,Renault
1779,0 445 010 223,Renault
1780,0 445 010 225,Renault
1781,0 445 010 234,Renault
1782,0 445 010 250,Renault
1783,0 445 010 254,Renault
1784,0 445 010 295,Renault
1785,0 445 010 314,Renault
1786,0 445 010 324,Renault
1787,0 445 010 351,Renault
1788,0 445 010 406,Renault
1789,0 445 010 427,Renault
1790,0 445 010 439,Renault
1791,0 445 010 530,Renault
1792,0 445 010 563,Renault
1793,0 445 010 704,Renault
1794,0 445 020 002,Renault
1795,0 986 437 010,Renault
1796,0 986 437 015,Renault
1797,0 986 437 031,Renault
1798,0 986 437 033,Renault
1799,0 986 437 037,Renault
1800,0 986 437 039,Renault
1801,0 986 437 041,Renault
1802,0 986 437 043,Renault
1803,0 986 437 044,Renault
1804,0 986 437 045,Renault
1805,0 986 437 053,Renault
1806,0 986 437 054,Renault
1807,0 986 437 056,Renault
1808,0 986 437 058,Renault
1809,0 986 437 059,Renault
1810,0 986 437 064,Renault
1811,0 986 437 065,Renault
1812,0 986 437 070,Renault
1813,0 986 437 071,Renault
1814,0 986 437 086,Renault
1815,0 986 437 301,Renault
1816,0 986 437 302,Renault
1817,0 986 437 355,Renault
1818,0 986 437 439,Renault
1819,0 986 437 442,Renault
1820,0 986 437 501,Renault
1821,167000061R,Renault
1822,28237090,Renault
1823,28283960,Renault
1824,28284022,Renault
1825,28285432,Renault
1826,28351705,Renault
1827,5WS40565,Renault
1828,5WS40844,Renault
1829,8200704200,Renault
1830,A2C53252602,Renault
1831,A2C53351931,Renault
1832,A2C59507608,Renault
1833,A2C59513595,Renault
1834,A2C89877300,Renault
1835,0 445 010 097,Saab
1836,0 445 010 156,Saab
1837,0 445 010 288,Saab
1838,0 986 437 025,Saab
1839,0 445 010 377,Saic
1840,0 445 010 469,Saic
1841,0 445 010 128,Scania
1842,0 445 010 155,Scania
1843,0 445 010 287,Scania
1844,0 986 437 026,Scania
1845,0 445 010 297,SDEC
1846,0 445 010 312,SDEC
1847,294000-067#,SDEC
1848,294000-181#,SDEC
1849,294050-019#,SDEC
1850,294050-045#,SDEC
1851,D28C000900,SDEC
1852,D28C001500,SDEC
1853,D28C001900,SDEC
1854,D28C001901B,SDEC
1855,S00001061,SDEC
1856,0 445 010 507,Seat
1857,0 445 010 508,Seat
1858,0 445 010 514,Seat
1859,0 445 010 526,Seat
1860,0 445 010 529,Seat
1861,0 445 010 532,Seat
1862,0 445 010 533,Seat
1863,0 445 010 534,Seat
1864,0 445 010 535,Seat
1865,0 445 010 537,Seat
1866,0 445 010 538,Seat
1867,0 445 010 543,Seat
1868,0 445 010 546,Seat
1869,0 445 010 551,Seat
1870,0 445 010 560,Seat
1871,0 445 010 562,Seat
1872,0 445 010 565,Seat
1873,0 445 010 566,Seat
1874,0 445 010 567,Seat
1875,0 445 010 568,Seat
1876,0 445 010 570,Seat
1877,0 445 010 583,Seat
1878,0 986 437 405,Seat
1879,0 986 437 407,Seat
1880,0 986 437 408,Seat
1881,0 986 437 409,Seat
1882,0 986 437 410,Seat
1883,0 986 437 411,Seat
1884,0 986 437 412,Seat
1885,0 986 437 434,Seat
1886,0 986 437 438,Seat
1887,0 986 437 440,Seat
1888,0 986 437 450,Seat
1889,03L130755AH,Seat
1890,03L130755AJ,Seat
1891,03L130755AL,Seat
1892,03L130755AN,Seat
1893,03L130755E,Seat
1894,03L130755H,Seat
1895,5WS40836,Seat
1896,5WS40891,Seat
1897,A2C53341464,Seat
1898,A2C53366731,Seat
1899,A2C59517047,Seat
1900,A2C59517049,Seat
1901,A2C59517053,Seat
1902,A2C59517054,Seat
1903,0 445 020 054,Sisu Diesel
1904,0 445 020 056,Sisu Diesel
1905,0 445 020 511,Sisu Diesel
1906,0 445 020 512,Sisu Diesel
1907,0 445 020 606,Sisu Diesel
1908,0 445 020 610,Sisu Diesel
1909,0 445 020 611,Sisu Diesel
1910,0 986 437 384,Sisu Diesel
1911,0 445 010 514,Skoda
1912,0 445 010 523,Skoda
1913,0 445 010 526,Skoda
1914,0 445 010 532,Skoda
1915,0 445 010 533,Skoda
1916,0 445 010 537,Skoda
1917,0 445 010 538,Skoda
1918,0 445 010 551,Skoda
1919,0 445 010 557,Skoda
1920,0 445 010 560,Skoda
1921,0 445 010 565,Skoda
1922,0 445 010 566,Skoda
1923,0 445 010 570,Skoda
1924,0 445 010 583,Skoda
1925,0 986 437 405,Skoda
1926,0 986 437 411,Skoda
1927,0 986 437 412,Skoda
1928,0 986 437 419,Skoda
1929,0 986 437 420,Skoda
1930,0 986 437 440,Skoda
1931,0 986 437 450,Skoda
1932,03L130755AH,Skoda
1933,03L130755AJ,Skoda
1934,03L130755AL,Skoda
1935,03L130755AN,Skoda
1936,03L130755E,Skoda
1937,03L130755H,Skoda
1938,5WS40836,Skoda
1939,5WS40891,Skoda
1940,A2C53341464,Skoda
1941,A2C53366731,Skoda
1942,A2C59517047,Skoda
1943,A2C59517049,Skoda
1944,A2C59517053,Skoda
1945,A2C59517054,Skoda
1946,0 445 010 025,Smart
1947,0 445 010 264,Smart
1948,0 445 010 273,Smart
1949,0 445 010 348,Smart
1950,0 986 437 019,Smart
1951,0 986 437 040,Smart
1952,0 445 010 321,Spicer India Limited
1953,0 445 010 421,Spicer India Limited
1954,16625AA010,Subaru
1955,16625AA011,Subaru
1956,16625AA020,Subaru
1957,16625AA030,Subaru
1958,16625AA060,Subaru
1959,294000-076#,Subaru
1960,294000-098#,Subaru
1961,294000-108#,Subaru
1962,294000-222#,Subaru
1963,0 445 010 010,Suzuki
1964,0 445 010 021,Suzuki
1965,0 445 010 087,Suzuki
1966,0 445 010 092,Suzuki
1967,0 445 010 102,Suzuki
1968,0 445 010 138,Suzuki
1969,0 445 010 148,Suzuki
1970,0 445 010 162,Suzuki
1971,0 445 010 203,Suzuki
1972,0 445 010 218,Suzuki
1973,0 445 010 267,Suzuki
1974,0 445 010 277,Suzuki
1975,0 445 010 278,Suzuki
1976,0 445 010 282,Suzuki
1977,0 445 010 296,Suzuki
1978,0 445 010 405,Suzuki
1979,0 986 437 005,Suzuki
1980,0 986 437 012,Suzuki
1981,0 986 437 024,Suzuki
1982,0 986 437 028,Suzuki
1983,0 986 437 043,Suzuki
1984,0 986 437 201,Suzuki
1985,0 445 010 201,Tata
1986,0 445 010 413,Tata
1987,0 445 020 051,Temsa
1988,0 445 020 075,Temsa
1989,0 445 020 100,Temsa
1990,0 445 020 125,Temsa
1991,0 445 020 129,Temsa
1992,0 445 020 156,Temsa
1993,0 445 020 206,Temsa
1994,0 445 020 208,Temsa
1995,0 986 437 359,Temsa
1996,294000-201#,Tico
1997,294000-207#,Tico
1998,0 445 010 047,Toyota
1999,0 445 010 085,Toyota
2000,0 445 010 088,Toyota
2001,0 445 010 105,Toyota
2002,0 445 010 106,Toyota
2003,0 445 010 112,Toyota
2004,0 445 010 113,Toyota
2005,0 445 010 114,Toyota
2006,0 445 010 134,Toyota
2007,0 445 010 214,Toyota
2008,0 445 010 258,Toyota
2009,0 445 010 392,Toyota
2010,0 445 010 460,Toyota
2011,0 986 437 335,Toyota
2012,0 986 437 338,Toyota
2013,0 986 437 372,Toyota
2014,22100-0G010,Toyota
2015,22100-0G011,Toyota
2016,22100-0L010,Toyota
2017,22100-0L020,Toyota
2018,22100-0L030,Toyota
2019,22100-0L040,Toyota
2020,22100-0L050,Toyota
2021,22100-0L060,Toyota
2022,22100-0L070,Toyota
2023,22100-0R010,Toyota
2024,22100-0R011,Toyota
2025,22100-0R020,Toyota
2026,22100-0R021,Toyota
2027,22100-0R030,Toyota
2028,22100-0R031,Toyota
2029,22100-0R040,Toyota
2030,22100-0R050,Toyota
2031,22100-0R060,Toyota
2032,22100-0R061,Toyota
2033,22100-0R070,Toyota
2034,22100-1261C,Toyota
2035,22100-27020,Toyota
2036,22100-30021,Toyota
2037,22100-30040,Toyota
2038,22100-30050,Toyota
2039,22100-30060,Toyota
2040,22100-30070,Toyota
2041,22100-30080,Toyota
2042,22100-30090,Toyota
2043,22100-30100,Toyota
2044,22100-30110,Toyota
2045,22100-30120,Toyota
2046,22100-30130,Toyota
2047,22100-30140,Toyota
2048,22100-30150,Toyota
2049,22100-30151,Toyota
2050,22100-30152,Toyota
2051,22100-30160,Toyota
2052,22100-30161,Toyota
2053,22100-51020,Toyota
2054,22100-5103#,Toyota
2055,22100-51030,Toyota
2056,22100-51040,Toyota
2057,22100-51041,Toyota
2058,22100-51042,Toyota
2059,22100-7818#,Toyota
2060,22100-78180,Toyota
2061,22100-7823#,Toyota
2062,22100-7825#,Toyota
2063,22100-E0060,Toyota
2064,22100-E0080,Toyota
2065,294000-001#,Toyota
2066,294000-006#,Toyota
2067,294000-010#,Toyota
2068,294000-011#,Toyota
2069,294000-017#,Toyota
2070,294000-019#,Toyota
2071,294000-030#,Toyota
2072,294000-031#,Toyota
2073,294000-032#,Toyota
2074,294000-035#,Toyota
2075,294000-036#,Toyota
2076,294000-038#,Toyota
2077,294000-043#,Toyota
2078,294000-044#,Toyota
2079,294000-051#,Toyota
2080,294000-052#,Toyota
2081,294000-054#,Toyota
2082,294000-055#,Toyota
2083,294000-059#,Toyota
2084,294000-063#,Toyota
2085,294000-070#,Toyota
2086,294000-071#,Toyota
2087,294000-085#,Toyota
2088,294000-086#,Toyota
2089,294000-087#,Toyota
2090,294000-088#,Toyota
2091,294000-089#,Toyota
2092,294000-090#,Toyota
2093,294000-091#,Toyota
2094,294000-092#,Toyota
2095,294000-093#,Toyota
2096,294000-094#,Toyota
2097,294000-102#,Toyota
2098,294000-104#,Toyota
2099,294000-110#,Toyota
2100,294000-128#,Toyota
2101,294000-131#,Toyota
2102,294000-132#,Toyota
2103,294000-150#,Toyota
2104,294000-151#,Toyota
2105,294000-157#,Toyota
2106,294000-158#,Toyota
2107,294000-220#,Toyota
2108,294000-221#,Toyota
2109,294000-227#,Toyota
2110,294000-232#,Toyota
2111,294000-248#,Toyota
2112,294050-018#,Toyota
2113,294050-023#,Toyota
2114,294050-024#,Toyota
2115,294050-027#,Toyota
2116,294050-028#,Toyota
2117,294050-056#,Toyota
2118,S2273-01264,Toyota
2119,0 445 020 118,Ud Trucks
2120,16730Z501B,Ud Trucks
2121,16730Z503B,Ud Trucks
2122,16730Z6005,Ud Trucks
2123,16730Z600A,Ud Trucks
2124,21229831,Ud Trucks
2125,21276943,Ud Trucks
2126,22730-134#,Ud Trucks
2127,294050-007#,Ud Trucks
2128,294050-008#,Ud Trucks
2129,294050-044#,Ud Trucks
2130,294050-047#,Ud Trucks
2131,0 445 020 606,Valtra
2132,0 445 020 610,Valtra
2133,0 445 010 033,Vauxhall
2134,0 445 010 193,Vauxhall
2135,0 445 010 371,Vauxhall
2136,0 445 010 441,Vauxhall
2137,0 445 010 442,Vauxhall
2138,0 445 010 513,Vauxhall
2139,0 445 010 550,Vauxhall
2140,0 986 437 047,Vauxhall
2141,0 986 437 052,Vauxhall
2142,0 986 437 302,Vauxhall
2143,0 445 010 034,Vm
2144,0 445 010 084,Vm
2145,0 445 010 104,Vm
2146,0 445 010 152,Vm
2147,0 445 010 238,Vm
2148,0 445 010 259,Vm
2149,0 445 010 430,Vm
2150,0 445 010 431,Vm
2151,0 445 010 625,Vm
2152,0 445 010 626,Vm
2153,0 445 010 636,Vm
2154,0 445 010 637,Vm
2155,0 445 010 684,Vm
2156,0 445 010 689,Vm
2157,0 445 010 696,Vm
2158,0 445 010 699,Vm
2159,0 445 020 522,Vm
2160,0 986 437 331,Vm
2161,0 445 010 043,Volvo
2162,0 445 010 089,Volvo
2163,0 445 010 102,Volvo
2164,0 445 010 110,Volvo
2165,0 445 010 111,Volvo
2166,0 445 010 296,Volvo
2167,0 445 010 618,Volvo
2168,0 445 010 655,Volvo
2169,0 445 010 680,Volvo
2170,0 445 010 681,Volvo
2171,0 445 020 026,Volvo
2172,0 445 020 057,Volvo
2173,0 445 020 101,Volvo
2174,0 986 437 028,Volvo
2175,0 986 437 312,Volvo
2176,0 986 437 322,Volvo
2177,0 986 437 325,Volvo
2178,0 986 437 423,Volvo
2179,0 445 010 016,VW
2180,0 445 010 036,VW
2181,0 445 010 044,VW
2182,0 445 010 082,VW
2183,0 445 010 090,VW
2184,0 445 010 119,VW
2185,0 445 010 125,VW
2186,0 445 010 129,VW
2187,0 445 010 133,VW
2188,0 445 010 154,VW
2189,0 445 010 171,VW
2190,0 445 010 294,VW
2191,0 445 010 327,VW
2192,0 445 010 328,VW
2193,0 445 010 331,VW
2194,0 445 010 335,VW
2195,0 445 010 340,VW
2196,0 445 010 343,VW
2197,0 445 010 358,VW
2198,0 445 010 507,VW
2199,0 445 010 508,VW
2200,0 445 010 514,VW
2201,0 445 010 520,VW
2202,0 445 010 523,VW
2203,0 445 010 526,VW
2204,0 445 010 527,VW
2205,0 445 010 529,VW
2206,0 445 010 532,VW
2207,0 445 010 533,VW
2208,0 445 010 534,VW
2209,0 445 010 535,VW
2210,0 445 010 537,VW
2211,0 445 010 538,VW
2212,0 445 010 541,VW
2213,0 445 010 542,VW
2214,0 445 010 543,VW
2215,0 445 010 546,VW
2216,0 445 010 551,VW
2217,0 445 010 555,VW
2218,0 445 010 557,VW
2219,0 445 010 560,VW
2220,0 445 010 562,VW
2221,0 445 010 565,VW
2222,0 445 010 566,VW
2223,0 445 010 567,VW
2224,0 445 010 568,VW
2225,0 445 010 570,VW
2226,0 445 010 583,VW
2227,0 445 010 611,VW
2228,0 445 010 613,VW
2229,0 445 010 619,VW
2230,0 445 010 624,VW
2231,0 445 010 631,VW
2232,0 445 010 632,VW
2233,0 445 010 639,VW
2234,0 445 010 640,VW
2235,0 445 010 641,VW
2236,0 445 010 642,VW
2237,0 445 010 643,VW
2238,0 445 010 644,VW
2239,0 445 010 646,VW
2240,0 445 010 650,VW
2241,0 445 010 654,VW
2242,0 445 010 656,VW
2243,0 445 010 657,VW
2244,0 445 010 658,VW
2245,0 445 010 659,VW
2246,0 445 010 663,VW
2247,0 445 010 669,VW
2248,0 445 010 670,VW
2249,0 445 010 671,VW
2250,0 445 010 673,VW
2251,0 445 010 675,VW
2252,0 445 010 676,VW
2253,0 445 010 677,VW
2254,0 445 010 682,VW
2255,0 445 010 683,VW
2256,0 445 010 685,VW
2257,0 445 010 686,VW
2258,0 445 010 690,VW
2259,0 445 010 691,VW
2260,0 445 010 692,VW
2261,0 445 010 693,VW
2262,0 445 010 694,VW
2263,0 445 010 695,VW
2264,0 445 010 731,VW
2265,0 445 010 748,VW
2266,0 445 010 749,VW
2267,0 445 010 801,VW
2268,0 445 010 805,VW
2269,0 445 010 806,VW
2270,0 445 010 813,VW
2271,0 445 010 814,VW
2272,0 445 020 007,VW
2273,0 445 020 033,VW
2274,0 445 020 066,VW
2275,0 445 020 123,VW
2276,0 445 020 149,VW
2277,0 445 020 167,VW
2278,0 445 020 169,VW
2279,0 445 020 175,VW
2280,0 445 020 207,VW
2281,0 986 437 092,VW
2282,0 986 437 093,VW
2283,0 986 437 316,VW
2284,0 986 437 337,VW
2285,0 986 437 341,VW
2286,0 986 437 343,VW
2287,0 986 437 344,VW
2288,0 986 437 345,VW
2289,0 986 437 346,VW
2290,0 986 437 347,VW
2291,0 986 437 348,VW
2292,0 986 437 349,VW
2293,0 986 437 357,VW
2294,0 986 437 404,VW
2295,0 986 437 405,VW
2296,0 986 437 407,VW
2297,0 986 437 408,VW
2298,0 986 437 409,VW
2299,0 986 437 410,VW
2300,0 986 437 411,VW
2301,0 986 437 412,VW
2302,0 986 437 413,VW
2303,0 986 437 414,VW
2304,0 986 437 418,VW
2305,0 986 437 419,VW
2306,0 986 437 420,VW
2307,0 986 437 433,VW
2308,0 986 437 434,VW
2309,0 986 437 435,VW
2310,0 986 437 438,VW
2311,0 986 437 440,VW
2312,0 986 437 450,VW
2313,0 986 437 454,VW
2314,0 986 437 456,VW
2315,0 986 437 463,VW
2316,03L130755AH,VW
2317,03L130755AJ,VW
2318,03L130755AL,VW
2319,03L130755AN,VW
2320,03L130755E,VW
2321,03L130755H,VW
2322,5WS40836,VW
2323,5WS40891,VW
2324,A2C53341464,VW
2325,A2C53366731,VW
2326,A2C59517047,VW
2327,A2C59517049,VW
2328,A2C59517053,VW
2329,A2C59517054,VW
2330,0 445 020 274,Waertsilae
2331,0 445 020 142,Weichai Power
2332,0 445 020 154,Weichai Power
2333,0 445 010 179,Xinchen
2334,0 445 010 370,Xinchen
2335,0 445 010 217,Yangchai
2336,0 445 020 509,Yanmar
2337,129978-5100,Yanmar
2338,294000-130#,Yanmar
2339,0 445 020 110,Ymaz
2340,0 445 020 065,Yuchay
2341,0 445 010 217,Yuejin
2342,0 445 010 186,Yunnei
2343,0 445 010 186,Yunque
2344,0 445 010 186,Zhonghua
2345,0 445 010 191,Zhongxing
2346,0 445 020 088,Zil
